Case Name,Title,Westlaw URL,Westlaw Cite,Court,Date,Type
,Order on Plaintiff's Opposition to Defendants' Notice of Designation of Action as Mandatory Complex Business Case Under N.C.G.S. s 7A-45.4,https://www.westlaw.com/Document/I79d65ca07e1411ec8482c694aa3b3022/View/FullText.html?navigationPath=%2FRelatedInfo%2Fv1%2FkcCitingReferences%2Fnav%3FdocGuid%3DN5E20D060E15911DC9702ED6752F9EEB6%26midlineIndex%3D1%26warningFlag%3DN%26planIcons%3DNO%26skipOutOfPlan%3Dnull%26sort%3Ddatedesc%26filterGuid%3Dh3ea74a6a6ce50dd6e4cbf8616bdd7eba%26category%3DkcCitingReferences&listSource=RelatedInfo&list=CitingReferences&rank=1&docFamilyGuid=I7bdd29207e1411ecb758c29fd9fb9ed5&overruleRisk=true&ppcid=050309ddeb4f45ad8c4eb8436c2adba0&originationContext=citingreferences&transitionType=CitingReferencesItem&contextData=%28sc.RelatedInfo%29&VR=3.0&RS=cblt1.0,"2022 WL 211669, *1+",N.C.Super.,"Jan. 20, 2022",Trial Court Order
,Order on Joint Motion for Consolidation,https://www.westlaw.com/Document/Ica8e48700d1511eda623dac1c614eeb9/View/FullText.html?navigationPath=%2FRelatedInfo%2Fv1%2FkcCitingReferences%2Fnav%3FdocGuid%3DN5E20D060E15911DC9702ED6752F9EEB6%26midlineIndex%3D2%26warningFlag%3DN%26planIcons%3DNO%26skipOutOfPlan%3Dnull%26sort%3Ddatedesc%26filterGuid%3Dh3ea74a6a6ce50dd6e4cbf8616bdd7eba%26category%3DkcCitingReferences&listSource=RelatedInfo&list=CitingReferences&rank=2&docFamilyGuid=Icc6838900d1511ed8de0969e30aeb490&overruleRisk=true&ppcid=050309ddeb4f45ad8c4eb8436c2adba0&originationContext=citingreferences&transitionType=CitingReferencesItem&contextData=%28sc.RelatedInfo%29&VR=3.0&RS=cblt1.0,"2021 WL 9146761, *1",N.C.Super.,"Aug. 20, 2021",Trial Court Order
,Order,https://www.westlaw.com/Document/If115ce5096c311ecbd35954c1a1f4272/View/FullText.html?navigationPath=%2FRelatedInfo%2Fv1%2FkcCitingReferences%2Fnav%3FdocGuid%3DN5E20D060E15911DC9702ED6752F9EEB6%26midlineIndex%3D3%26warningFlag%3DN%26planIcons%3DNO%26skipOutOfPlan%3Dnull%26sort%3Ddatedesc%26filterGuid%3Dh3ea74a6a6ce50dd6e4cbf8616bdd7eba%26category%3DkcCitingReferences&listSource=RelatedInfo&list=CitingReferences&rank=3&docFamilyGuid=If297b36096c311ec8da9a2e0fbd6423a&overruleRisk=true&ppcid=050309ddeb4f45ad8c4eb8436c2adba0&originationContext=citingreferences&transitionType=CitingReferencesItem&contextData=%28sc.RelatedInfo%29&VR=3.0&RS=cblt1.0,"2021 WL 7184546, *1+",N.C.Super.,"July 21, 2021",Trial Court Order
,Order on Motion to Dismiss,https://www.westlaw.com/Document/I0b7c8280995211ec9d32f193f9f64434/View/FullText.html?navigationPath=%2FRelatedInfo%2Fv1%2FkcCitingReferences%2Fnav%3FdocGuid%3DN5E20D060E15911DC9702ED6752F9EEB6%26midlineIndex%3D4%26warningFlag%3DN%26planIcons%3DNO%26skipOutOfPlan%3Dnull%26sort%3Ddatedesc%26filterGuid%3Dh3ea74a6a6ce50dd6e4cbf8616bdd7eba%26category%3DkcCitingReferences&listSource=RelatedInfo&list=CitingReferences&rank=4&docFamilyGuid=I0d45a9c0995211ec8da9a2e0fbd6423a&overruleRisk=true&ppcid=050309ddeb4f45ad8c4eb8436c2adba0&originationContext=citingreferences&transitionType=CitingReferencesItem&contextData=%28sc.RelatedInfo%29&VR=3.0&RS=cblt1.0,"2021 WL 7186714, *1",N.C.Super.,"June 09, 2021",Trial Court Order
,Order and Opinion on Cross Summary Judgment Motions Regarding Policies Issued By New England Reinsurance Corporation and Twin City Fire Insurance Comp...,https://www.westlaw.com/Document/I021695808d7411ecb8c3e5aec2742444/View/FullText.html?navigationPath=%2FRelatedInfo%2Fv1%2FkcCitingReferences%2Fnav%3FdocGuid%3DN5E20D060E15911DC9702ED6752F9EEB6%26midlineIndex%3D5%26warningFlag%3DN%26planIcons%3DNO%26skipOutOfPlan%3Dnull%26sort%3Ddatedesc%26filterGuid%3Dh3ea74a6a6ce50dd6e4cbf8616bdd7eba%26category%3DkcCitingReferences&listSource=RelatedInfo&list=CitingReferences&rank=5&docFamilyGuid=I033d89508d7411ec8bbab1a0317ed19a&overruleRisk=true&ppcid=050309ddeb4f45ad8c4eb8436c2adba0&originationContext=citingreferences&transitionType=CitingReferencesItem&contextData=%28sc.RelatedInfo%29&VR=3.0&RS=cblt1.0,"2021 WL 6882791, *1",N.C.Super.,"May 21, 2021",Trial Court Order
,Order on Motion to Stay and Compel Arbitration,https://www.westlaw.com/Document/Ia1c73ec0072411ed8b948328d275943a/View/FullText.html?navigationPath=%2FRelatedInfo%2Fv1%2FkcCitingReferences%2Fnav%3FdocGuid%3DN5E20D060E15911DC9702ED6752F9EEB6%26midlineIndex%3D6%26warningFlag%3DN%26planIcons%3DNO%26skipOutOfPlan%3Dnull%26sort%3Ddatedesc%26filterGuid%3Dh3ea74a6a6ce50dd6e4cbf8616bdd7eba%26category%3DkcCitingReferences&listSource=RelatedInfo&list=CitingReferences&rank=6&docFamilyGuid=Ia2f9f260072411ed8de0969e30aeb490&overruleRisk=true&ppcid=050309ddeb4f45ad8c4eb8436c2adba0&originationContext=citingreferences&transitionType=CitingReferencesItem&contextData=%28sc.RelatedInfo%29&VR=3.0&RS=cblt1.0,"2021 WL 9098026, *3",N.C.Super.,"Apr. 19, 2021",Trial Court Order
,Order,https://www.westlaw.com/Document/Idfa12d8087e711ec9381ff4a09a81529/View/FullText.html?navigationPath=%2FRelatedInfo%2Fv1%2FkcCitingReferences%2Fnav%3FdocGuid%3DN5E20D060E15911DC9702ED6752F9EEB6%26midlineIndex%3D7%26warningFlag%3DN%26planIcons%3DNO%26skipOutOfPlan%3Dnull%26sort%3Ddatedesc%26filterGuid%3Dh3ea74a6a6ce50dd6e4cbf8616bdd7eba%26category%3DkcCitingReferences&listSource=RelatedInfo&list=CitingReferences&rank=7&docFamilyGuid=Ie21ba36087e711ec8da9a2e0fbd6423a&overruleRisk=true&ppcid=050309ddeb4f45ad8c4eb8436c2adba0&originationContext=citingreferences&transitionType=CitingReferencesItem&contextData=%28sc.RelatedInfo%29&VR=3.0&RS=cblt1.0,"2021 WL 6805176, *1",N.C.Super.,"Mar. 04, 2021",Trial Court Order
,Order,https://www.westlaw.com/Document/I8a26cba04c6c11ecae80b6011f92c3df/View/FullText.html?navigationPath=%2FRelatedInfo%2Fv1%2FkcCitingReferences%2Fnav%3FdocGuid%3DN5E20D060E15911DC9702ED6752F9EEB6%26midlineIndex%3D8%26warningFlag%3DN%26planIcons%3DNO%26skipOutOfPlan%3Dnull%26sort%3Ddatedesc%26filterGuid%3Dh3ea74a6a6ce50dd6e4cbf8616bdd7eba%26category%3DkcCitingReferences&listSource=RelatedInfo&list=CitingReferences&rank=8&docFamilyGuid=I8c7a58904c6c11ec881ebb923b3a7b9a&overruleRisk=true&ppcid=050309ddeb4f45ad8c4eb8436c2adba0&originationContext=citingreferences&transitionType=CitingReferencesItem&contextData=%28sc.RelatedInfo%29&VR=3.0&RS=cblt1.0,"2021 WL 5451635, *1",N.C.Super.,"Feb. 19, 2021",Trial Court Order
,Order on Plaintiff's Opposition to Defendant's Notice Of Designation,https://www.westlaw.com/Document/Ia1437f80fc5011eaa684fcd3f9c99774/View/FullText.html?navigationPath=%2FRelatedInfo%2Fv1%2FkcCitingReferences%2Fnav%3FdocGuid%3DN5E20D060E15911DC9702ED6752F9EEB6%26midlineIndex%3D9%26warningFlag%3DN%26planIcons%3DNO%26skipOutOfPlan%3Dnull%26sort%3Ddatedesc%26filterGuid%3Dh3ea74a6a6ce50dd6e4cbf8616bdd7eba%26category%3DkcCitingReferences&listSource=RelatedInfo&list=CitingReferences&rank=9&docFamilyGuid=Ia1cbc250fc5011eab577cc0bc4e85aa7&overruleRisk=true&ppcid=050309ddeb4f45ad8c4eb8436c2adba0&originationContext=citingreferences&transitionType=CitingReferencesItem&contextData=%28sc.RelatedInfo%29&VR=3.0&RS=cblt1.0,"2020 WL 5626436, *1+",N.C.Super.,"Sep. 08, 2020",Trial Court Order
,Order on Motion for Preliminary Injunction,https://www.westlaw.com/Document/Id93d63f0dcb211ea8f0eec838d2c18dc/View/FullText.html?navigationPath=%2FRelatedInfo%2Fv1%2FkcCitingReferences%2Fnav%3FdocGuid%3DN5E20D060E15911DC9702ED6752F9EEB6%26midlineIndex%3D10%26warningFlag%3DN%26planIcons%3DNO%26skipOutOfPlan%3Dnull%26sort%3Ddatedesc%26filterGuid%3Dh3ea74a6a6ce50dd6e4cbf8616bdd7eba%26category%3DkcCitingReferences&listSource=RelatedInfo&list=CitingReferences&rank=10&docFamilyGuid=Idade69c0dcb211ea99fef09af9135030&overruleRisk=true&ppcid=050309ddeb4f45ad8c4eb8436c2adba0&originationContext=citingreferences&transitionType=CitingReferencesItem&contextData=%28sc.RelatedInfo%29&VR=3.0&RS=cblt1.0,"2020 WL 4630333, *2+",N.C.Super.,"Aug. 11, 2020",Trial Court Order
,Order on Pending Motions,https://www.westlaw.com/Document/I4ee63ba0633511eb9dc5f224bba38290/View/FullText.html?navigationPath=%2FRelatedInfo%2Fv1%2FkcCitingReferences%2Fnav%3FdocGuid%3DN5E20D060E15911DC9702ED6752F9EEB6%26midlineIndex%3D11%26warningFlag%3DN%26planIcons%3DNO%26skipOutOfPlan%3Dnull%26sort%3Ddatedesc%26filterGuid%3Dh3ea74a6a6ce50dd6e4cbf8616bdd7eba%26category%3DkcCitingReferences&listSource=RelatedInfo&list=CitingReferences&rank=11&docFamilyGuid=I5013bf20633511eb85ddd7d83bce581b&overruleRisk=true&ppcid=050309ddeb4f45ad8c4eb8436c2adba0&originationContext=citingreferences&transitionType=CitingReferencesItem&contextData=%28sc.RelatedInfo%29&VR=3.0&RS=cblt1.0,"2020 WL 8365521, *1",N.C.Super.,"July 15, 2020",Trial Court Order
,Order Granting Plaintiffs' Motion for Class Certification,https://www.westlaw.com/Document/Ib52b8b5060e111eb9125b33edbbb3b4d/View/FullText.html?navigationPath=%2FRelatedInfo%2Fv1%2FkcCitingReferences%2Fnav%3FdocGuid%3DN5E20D060E15911DC9702ED6752F9EEB6%26midlineIndex%3D12%26warningFlag%3DN%26planIcons%3DNO%26skipOutOfPlan%3Dnull%26sort%3Ddatedesc%26filterGuid%3Dh3ea74a6a6ce50dd6e4cbf8616bdd7eba%26category%3DkcCitingReferences&listSource=RelatedInfo&list=CitingReferences&rank=12&docFamilyGuid=Ib6e0dc7060e111eb957b8919eecd9f6a&overruleRisk=true&ppcid=050309ddeb4f45ad8c4eb8436c2adba0&originationContext=citingreferences&transitionType=CitingReferencesItem&contextData=%28sc.RelatedInfo%29&VR=3.0&RS=cblt1.0,"2020 WL 8268223, *1",N.C.Super.,"June 11, 2020",Trial Court Order
,"Order on Motion of Doster Building Company, Inc. and Banks Channel Building, Inc. to Permit Remote Depositions of Plaintiffs without Predetermined Tim...",https://www.westlaw.com/Document/I45c3f660dc3511ebaaa0e91033911400/View/FullText.html?navigationPath=%2FRelatedInfo%2Fv1%2FkcCitingReferences%2Fnav%3FdocGuid%3DN5E20D060E15911DC9702ED6752F9EEB6%26midlineIndex%3D13%26warningFlag%3DN%26planIcons%3DNO%26skipOutOfPlan%3Dnull%26sort%3Ddatedesc%26filterGuid%3Dh3ea74a6a6ce50dd6e4cbf8616bdd7eba%26category%3DkcCitingReferences&listSource=RelatedInfo&list=CitingReferences&rank=13&docFamilyGuid=I476f5c70dc3511eb8c31c63307ddbda6&overruleRisk=true&ppcid=050309ddeb4f45ad8c4eb8436c2adba0&originationContext=citingreferences&transitionType=CitingReferencesItem&contextData=%28sc.RelatedInfo%29&VR=3.0&RS=cblt1.0,"2020 WL 10315239, *1",N.C.Super.,"May 27, 2020",Trial Court Order
,"Order on Continental Motors, Inc.'s 12(B)(2) Motion to Dismiss",https://www.westlaw.com/Document/I0276dc706bdd11ea81d388262956b33a/View/FullText.html?navigationPath=%2FRelatedInfo%2Fv1%2FkcCitingReferences%2Fnav%3FdocGuid%3DN5E20D060E15911DC9702ED6752F9EEB6%26midlineIndex%3D14%26warningFlag%3DN%26planIcons%3DNO%26skipOutOfPlan%3Dnull%26sort%3Ddatedesc%26filterGuid%3Dh3ea74a6a6ce50dd6e4cbf8616bdd7eba%26category%3DkcCitingReferences&listSource=RelatedInfo&list=CitingReferences&rank=14&docFamilyGuid=I033c76606bdd11eaa1f0bbbde9fe297f&overruleRisk=true&ppcid=050309ddeb4f45ad8c4eb8436c2adba0&originationContext=citingreferences&transitionType=CitingReferencesItem&contextData=%28sc.RelatedInfo%29&VR=3.0&RS=cblt1.0,"2020 WL 1320225, *1+",N.C.Super.,"Mar. 12, 2020",Trial Court Order
,Order of Summary Judgment,https://www.westlaw.com/Document/I7ca8d4e0ea3f11eabffee32622d22314/View/FullText.html?navigationPath=%2FRelatedInfo%2Fv1%2FkcCitingReferences%2Fnav%3FdocGuid%3DN5E20D060E15911DC9702ED6752F9EEB6%26midlineIndex%3D15%26warningFlag%3DN%26planIcons%3DNO%26skipOutOfPlan%3Dnull%26sort%3Ddatedesc%26filterGuid%3Dh3ea74a6a6ce50dd6e4cbf8616bdd7eba%26category%3DkcCitingReferences&listSource=RelatedInfo&list=CitingReferences&rank=15&docFamilyGuid=I7f0191f0ea3f11ea987dbde24f7eca4f&overruleRisk=true&ppcid=050309ddeb4f45ad8c4eb8436c2adba0&originationContext=citingreferences&transitionType=CitingReferencesItem&contextData=%28sc.RelatedInfo%29&VR=3.0&RS=cblt1.0,"2019 WL 10248009, *1",N.C.Super.,"Nov. 06, 2019",Trial Court Order
,Order,https://www.westlaw.com/Document/Ia7d6b7c0bc6f11ea8406df7959f232f7/View/FullText.html?navigationPath=%2FRelatedInfo%2Fv1%2FkcCitingReferences%2Fnav%3FdocGuid%3DN5E20D060E15911DC9702ED6752F9EEB6%26midlineIndex%3D16%26warningFlag%3DN%26planIcons%3DNO%26skipOutOfPlan%3Dnull%26sort%3Ddatedesc%26filterGuid%3Dh3ea74a6a6ce50dd6e4cbf8616bdd7eba%26category%3DkcCitingReferences&listSource=RelatedInfo&list=CitingReferences&rank=16&docFamilyGuid=Ia8636760bc6f11eab92793041232fad3&overruleRisk=true&ppcid=050309ddeb4f45ad8c4eb8436c2adba0&originationContext=citingreferences&transitionType=CitingReferencesItem&contextData=%28sc.RelatedInfo%29&VR=3.0&RS=cblt1.0,"2019 WL 9197652, *2+",N.C.Super.,"Oct. 21, 2019",Trial Court Order
,Order,https://www.westlaw.com/Document/Ic1534070491d11eb9fbcf35452d1df5c/View/FullText.html?navigationPath=%2FRelatedInfo%2Fv1%2FkcCitingReferences%2Fnav%3FdocGuid%3DN5E20D060E15911DC9702ED6752F9EEB6%26midlineIndex%3D17%26warningFlag%3DN%26planIcons%3DNO%26skipOutOfPlan%3Dnull%26sort%3Ddatedesc%26filterGuid%3Dh3ea74a6a6ce50dd6e4cbf8616bdd7eba%26category%3DkcCitingReferences&listSource=RelatedInfo&list=CitingReferences&rank=17&docFamilyGuid=Ic2704930491d11eb9123c006c8a28236&overruleRisk=true&ppcid=050309ddeb4f45ad8c4eb8436c2adba0&originationContext=citingreferences&transitionType=CitingReferencesItem&contextData=%28sc.RelatedInfo%29&VR=3.0&RS=cblt1.0,"2019 WL 11553706, *1",N.C.Super.,"Apr. 02, 2019",Trial Court Order
,Superseding Order,https://www.westlaw.com/Document/I1e6ee610813b11eb91b78705c7189b3d/View/FullText.html?navigationPath=%2FRelatedInfo%2Fv1%2FkcCitingReferences%2Fnav%3FdocGuid%3DN5E20D060E15911DC9702ED6752F9EEB6%26midlineIndex%3D18%26warningFlag%3DN%26planIcons%3DNO%26skipOutOfPlan%3Dnull%26sort%3Ddatedesc%26filterGuid%3Dh3ea74a6a6ce50dd6e4cbf8616bdd7eba%26category%3DkcCitingReferences&listSource=RelatedInfo&list=CitingReferences&rank=18&docFamilyGuid=I20108820813b11eb8e669664768988a9&overruleRisk=true&ppcid=050309ddeb4f45ad8c4eb8436c2adba0&originationContext=citingreferences&transitionType=CitingReferencesItem&contextData=%28sc.RelatedInfo%29&VR=3.0&RS=cblt1.0,"2019 WL 11816690, *1",N.C.Super.,"Mar. 29, 2019",Trial Court Order
,Order,https://www.westlaw.com/Document/I752475a0b37511e9a3ecec4a01914b9c/View/FullText.html?navigationPath=%2FRelatedInfo%2Fv1%2FkcCitingReferences%2Fnav%3FdocGuid%3DN5E20D060E15911DC9702ED6752F9EEB6%26midlineIndex%3D19%26warningFlag%3DN%26planIcons%3DNO%26skipOutOfPlan%3Dnull%26sort%3Ddatedesc%26filterGuid%3Dh3ea74a6a6ce50dd6e4cbf8616bdd7eba%26category%3DkcCitingReferences&listSource=RelatedInfo&list=CitingReferences&rank=19&docFamilyGuid=I767c6480b37511e9a23ccc5089bd4561&overruleRisk=true&ppcid=050309ddeb4f45ad8c4eb8436c2adba0&originationContext=citingreferences&transitionType=CitingReferencesItem&contextData=%28sc.RelatedInfo%29&VR=3.0&RS=cblt1.0,"2019 WL 3429430, *18",N.C.Super.,"Mar. 06, 2019",Trial Court Order
,Order on Defendants' Motion to Dismiss Pursuant to Rule 12(B)(6),https://www.westlaw.com/Document/I1f0e0c40813b11ebae408ff11f155a05/View/FullText.html?navigationPath=%2FRelatedInfo%2Fv1%2FkcCitingReferences%2Fnav%3FdocGuid%3DN5E20D060E15911DC9702ED6752F9EEB6%26midlineIndex%3D20%26warningFlag%3DN%26planIcons%3DNO%26skipOutOfPlan%3Dnull%26sort%3Ddatedesc%26filterGuid%3Dh3ea74a6a6ce50dd6e4cbf8616bdd7eba%26category%3DkcCitingReferences&listSource=RelatedInfo&list=CitingReferences&rank=20&docFamilyGuid=I20d89310813b11ebb9b78aeb46234755&overruleRisk=true&ppcid=050309ddeb4f45ad8c4eb8436c2adba0&originationContext=citingreferences&transitionType=CitingReferencesItem&contextData=%28sc.RelatedInfo%29&VR=3.0&RS=cblt1.0,"2019 WL 11816691, *1",N.C.Super.,"Jan. 30, 2019",Trial Court Order
,Order Granting Motion to Dismiss,https://www.westlaw.com/Document/Ifb6d1b10860911e981b9f3f7c11376fd/View/FullText.html?navigationPath=%2FRelatedInfo%2Fv1%2FkcCitingReferences%2Fnav%3FdocGuid%3DN5E20D060E15911DC9702ED6752F9EEB6%26midlineIndex%3D21%26warningFlag%3DN%26planIcons%3DNO%26skipOutOfPlan%3Dnull%26sort%3Ddatedesc%26filterGuid%3Dh3ea74a6a6ce50dd6e4cbf8616bdd7eba%26category%3DkcCitingReferences&listSource=RelatedInfo&list=CitingReferences&rank=21&docFamilyGuid=Ifc5c8420860911e99986c8124c3cf480&overruleRisk=true&ppcid=050309ddeb4f45ad8c4eb8436c2adba0&originationContext=citingreferences&transitionType=CitingReferencesItem&contextData=%28sc.RelatedInfo%29&VR=3.0&RS=cblt1.0,"2018 WL 8458844, *1",N.C.Super.,"Nov. 27, 2018",Trial Court Order
,Order,https://www.westlaw.com/Document/I8959ee802b2811ea9076f88ee0fd553a/View/FullText.html?navigationPath=%2FRelatedInfo%2Fv1%2FkcCitingReferences%2Fnav%3FdocGuid%3DN5E20D060E15911DC9702ED6752F9EEB6%26midlineIndex%3D22%26warningFlag%3DN%26planIcons%3DNO%26skipOutOfPlan%3Dnull%26sort%3Ddatedesc%26filterGuid%3Dh3ea74a6a6ce50dd6e4cbf8616bdd7eba%26category%3DkcCitingReferences&listSource=RelatedInfo&list=CitingReferences&rank=22&docFamilyGuid=I8acd06802b2811eaa9db8748a07b7c56&overruleRisk=true&ppcid=050309ddeb4f45ad8c4eb8436c2adba0&originationContext=citingreferences&transitionType=CitingReferencesItem&contextData=%28sc.RelatedInfo%29&VR=3.0&RS=cblt1.0,"2018 WL 10195904, *1",N.C.Super.,"Nov. 26, 2018",Trial Court Order
,Order on Plaintiffs' Consent Motion to Approve Settlement,https://www.westlaw.com/Document/I21ef63d04da911ea851bfabee22f40c8/View/FullText.html?navigationPath=%2FRelatedInfo%2Fv1%2FkcCitingReferences%2Fnav%3FdocGuid%3DN5E20D060E15911DC9702ED6752F9EEB6%26midlineIndex%3D23%26warningFlag%3DN%26planIcons%3DNO%26skipOutOfPlan%3Dnull%26sort%3Ddatedesc%26filterGuid%3Dh3ea74a6a6ce50dd6e4cbf8616bdd7eba%26category%3DkcCitingReferences&listSource=RelatedInfo&list=CitingReferences&rank=23&docFamilyGuid=I22d508e04da911eab1a6a25254345281&overruleRisk=true&ppcid=050309ddeb4f45ad8c4eb8436c2adba0&originationContext=citingreferences&transitionType=CitingReferencesItem&contextData=%28sc.RelatedInfo%29&VR=3.0&RS=cblt1.0,"2018 WL 10425512, *1+",N.C.Super.,"Oct. 19, 2018",Trial Court Order
,Order,https://www.westlaw.com/Document/Ifb5e9c20860911e998e8870e22e55653/View/FullText.html?navigationPath=%2FRelatedInfo%2Fv1%2FkcCitingReferences%2Fnav%3FdocGuid%3DN5E20D060E15911DC9702ED6752F9EEB6%26midlineIndex%3D24%26warningFlag%3DN%26planIcons%3DNO%26skipOutOfPlan%3Dnull%26sort%3Ddatedesc%26filterGuid%3Dh3ea74a6a6ce50dd6e4cbf8616bdd7eba%26category%3DkcCitingReferences&listSource=RelatedInfo&list=CitingReferences&rank=24&docFamilyGuid=Ifbf42560860911e9bb64e0f8e5fc8d9d&overruleRisk=true&ppcid=050309ddeb4f45ad8c4eb8436c2adba0&originationContext=citingreferences&transitionType=CitingReferencesItem&contextData=%28sc.RelatedInfo%29&VR=3.0&RS=cblt1.0,"2018 WL 8458840, *1",N.C.Super.,"June 08, 2018",Trial Court Order
,Order and Final Judgment,https://www.westlaw.com/Document/I99d3d430f88711e8aec5b23c3317c9c0/View/FullText.html?navigationPath=%2FRelatedInfo%2Fv1%2FkcCitingReferences%2Fnav%3FdocGuid%3DN5E20D060E15911DC9702ED6752F9EEB6%26midlineIndex%3D25%26warningFlag%3DN%26planIcons%3DNO%26skipOutOfPlan%3Dnull%26sort%3Ddatedesc%26filterGuid%3Dh3ea74a6a6ce50dd6e4cbf8616bdd7eba%26category%3DkcCitingReferences&listSource=RelatedInfo&list=CitingReferences&rank=25&docFamilyGuid=I9a82fff0f88711e88656d4f18ee28e3f&overruleRisk=true&ppcid=050309ddeb4f45ad8c4eb8436c2adba0&originationContext=citingreferences&transitionType=CitingReferencesItem&contextData=%28sc.RelatedInfo%29&VR=3.0&RS=cblt1.0,"2018 WL 6330486, *1",N.C.Super.,"May 11, 2018",Trial Court Order
,Judgment and Order Taxing Costs,https://www.westlaw.com/Document/Ifb75f4b0860911e9b508f0c9c0d45880/View/FullText.html?navigationPath=%2FRelatedInfo%2Fv1%2FkcCitingReferences%2Fnav%3FdocGuid%3DN5E20D060E15911DC9702ED6752F9EEB6%26midlineIndex%3D26%26warningFlag%3DN%26planIcons%3DNO%26skipOutOfPlan%3Dnull%26sort%3Ddatedesc%26filterGuid%3Dh3ea74a6a6ce50dd6e4cbf8616bdd7eba%26category%3DkcCitingReferences&listSource=RelatedInfo&list=CitingReferences&rank=26&docFamilyGuid=Ifc2d84e0860911e992efb981be8a8e08&overruleRisk=true&ppcid=050309ddeb4f45ad8c4eb8436c2adba0&originationContext=citingreferences&transitionType=CitingReferencesItem&contextData=%28sc.RelatedInfo%29&VR=3.0&RS=cblt1.0,"2018 WL 8458843, *1+",N.C.Super.,"Apr. 05, 2018",Trial Court Order
,Case Management Order,https://www.westlaw.com/Document/Ib7d7ed50d3ab11e88f4d8d23fc0d7c2b/View/FullText.html?navigationPath=%2FRelatedInfo%2Fv1%2FkcCitingReferences%2Fnav%3FdocGuid%3DN5E20D060E15911DC9702ED6752F9EEB6%26midlineIndex%3D27%26warningFlag%3DN%26planIcons%3DNO%26skipOutOfPlan%3Dnull%26sort%3Ddatedesc%26filterGuid%3Dh3ea74a6a6ce50dd6e4cbf8616bdd7eba%26category%3DkcCitingReferences&listSource=RelatedInfo&list=CitingReferences&rank=27&docFamilyGuid=Ib900b5e0d3ab11e8af9c9c802348b8a8&overruleRisk=true&ppcid=050309ddeb4f45ad8c4eb8436c2adba0&originationContext=citingreferences&transitionType=CitingReferencesItem&contextData=%28sc.RelatedInfo%29&VR=3.0&RS=cblt1.0,"2018 WL 5090893, *1",N.C.Super.,"Mar. 19, 2018",Trial Court Order
,Order Granting in Part and Denying in Part Defendants' Motions to Dismiss and Motion for Summary Judgement,https://www.westlaw.com/Document/I9f0830b08ecf11ea8cb395d22c142a61/View/FullText.html?navigationPath=%2FRelatedInfo%2Fv1%2FkcCitingReferences%2Fnav%3FdocGuid%3DN5E20D060E15911DC9702ED6752F9EEB6%26midlineIndex%3D28%26warningFlag%3DN%26planIcons%3DNO%26skipOutOfPlan%3Dnull%26sort%3Ddatedesc%26filterGuid%3Dh3ea74a6a6ce50dd6e4cbf8616bdd7eba%26category%3DkcCitingReferences&listSource=RelatedInfo&list=CitingReferences&rank=28&docFamilyGuid=I9fefd1908ecf11eabbab841c640b3ee0&overruleRisk=true&ppcid=050309ddeb4f45ad8c4eb8436c2adba0&originationContext=citingreferences&transitionType=CitingReferencesItem&contextData=%28sc.RelatedInfo%29&VR=3.0&RS=cblt1.0,"2018 WL 10704987, *1",N.C.Super.,"Feb. 01, 2018",Trial Court Order
,Order on Petition for Judicial Review,https://www.westlaw.com/Document/I463e5910c58a11e8b93ad6f77bf99296/View/FullText.html?navigationPath=%2FRelatedInfo%2Fv1%2FkcCitingReferences%2Fnav%3FdocGuid%3DN5E20D060E15911DC9702ED6752F9EEB6%26midlineIndex%3D29%26warningFlag%3DN%26planIcons%3DNO%26skipOutOfPlan%3Dnull%26sort%3Ddatedesc%26filterGuid%3Dh3ea74a6a6ce50dd6e4cbf8616bdd7eba%26category%3DkcCitingReferences&listSource=RelatedInfo&list=CitingReferences&rank=29&docFamilyGuid=I47632a00c58a11e8b41a917047539e31&overruleRisk=true&ppcid=050309ddeb4f45ad8c4eb8436c2adba0&originationContext=citingreferences&transitionType=CitingReferencesItem&contextData=%28sc.RelatedInfo%29&VR=3.0&RS=cblt1.0,"2017 WL 10309759, *2",N.C.Super.,"Dec. 20, 2017",Trial Court Order
,Order,https://www.westlaw.com/Document/I2314f8104da911ea8872c8d7408e2a84/View/FullText.html?navigationPath=%2FRelatedInfo%2Fv1%2FkcCitingReferences%2Fnav%3FdocGuid%3DN5E20D060E15911DC9702ED6752F9EEB6%26midlineIndex%3D30%26warningFlag%3DN%26planIcons%3DNO%26skipOutOfPlan%3Dnull%26sort%3Ddatedesc%26filterGuid%3Dh3ea74a6a6ce50dd6e4cbf8616bdd7eba%26category%3DkcCitingReferences&listSource=RelatedInfo&list=CitingReferences&rank=30&docFamilyGuid=I23e603b04da911eab1a6a25254345281&overruleRisk=true&ppcid=050309ddeb4f45ad8c4eb8436c2adba0&originationContext=citingreferences&transitionType=CitingReferencesItem&contextData=%28sc.RelatedInfo%29&VR=3.0&RS=cblt1.0,"2017 WL 11500946, *1+",N.C.Super.,"Dec. 19, 2017",Trial Court Order
,Case Management Order,https://www.westlaw.com/Document/Ifd3656005af711eab72786abaf113578/View/FullText.html?navigationPath=%2FRelatedInfo%2Fv1%2FkcCitingReferences%2Fnav%3FdocGuid%3DN5E20D060E15911DC9702ED6752F9EEB6%26midlineIndex%3D31%26warningFlag%3DN%26planIcons%3DNO%26skipOutOfPlan%3Dnull%26sort%3Ddatedesc%26filterGuid%3Dh3ea74a6a6ce50dd6e4cbf8616bdd7eba%26category%3DkcCitingReferences&listSource=RelatedInfo&list=CitingReferences&rank=31&docFamilyGuid=Ife8bd3e05af711eabfbe80bab2a276b9&overruleRisk=true&ppcid=050309ddeb4f45ad8c4eb8436c2adba0&originationContext=citingreferences&transitionType=CitingReferencesItem&contextData=%28sc.RelatedInfo%29&VR=3.0&RS=cblt1.0,"2017 WL 11506440, *1",N.C.Super.,"July 14, 2017",Trial Court Order
,Order on Motion to Consolidate and Rule 2.1 Recommendation,https://www.westlaw.com/Document/I895a63b02b2811eaa49a848616f1a2d2/View/FullText.html?navigationPath=%2FRelatedInfo%2Fv1%2FkcCitingReferences%2Fnav%3FdocGuid%3DN5E20D060E15911DC9702ED6752F9EEB6%26midlineIndex%3D32%26warningFlag%3DN%26planIcons%3DNO%26skipOutOfPlan%3Dnull%26sort%3Ddatedesc%26filterGuid%3Dh3ea74a6a6ce50dd6e4cbf8616bdd7eba%26category%3DkcCitingReferences&listSource=RelatedInfo&list=CitingReferences&rank=32&docFamilyGuid=I8ae39bc02b2811ea8f34de981101c19c&overruleRisk=true&ppcid=050309ddeb4f45ad8c4eb8436c2adba0&originationContext=citingreferences&transitionType=CitingReferencesItem&contextData=%28sc.RelatedInfo%29&VR=3.0&RS=cblt1.0,"2017 WL 11482308, *1",N.C.Super.,"Mar. 16, 2017",Trial Court Order
,Order,https://www.westlaw.com/Document/I21ca8d50d8f111e78c5db03c58f2bc1d/View/FullText.html?navigationPath=%2FRelatedInfo%2Fv1%2FkcCitingReferences%2Fnav%3FdocGuid%3DN5E20D060E15911DC9702ED6752F9EEB6%26midlineIndex%3D33%26warningFlag%3DN%26planIcons%3DNO%26skipOutOfPlan%3Dnull%26sort%3Ddatedesc%26filterGuid%3Dh3ea74a6a6ce50dd6e4cbf8616bdd7eba%26category%3DkcCitingReferences&listSource=RelatedInfo&list=CitingReferences&rank=33&docFamilyGuid=I22ab9e80d8f111e7ad73d3a0c7ac010d&overruleRisk=true&ppcid=050309ddeb4f45ad8c4eb8436c2adba0&originationContext=citingreferences&transitionType=CitingReferencesItem&contextData=%28sc.RelatedInfo%29&VR=3.0&RS=cblt1.0,"2017 WL 5972801, *1",N.C.Super.,"Feb. 22, 2017",Trial Court Order
,"Order Allowing Claim of CIT Finance, LLC and Approving Consent Judgment (CIT Finance V. CCSEA)",https://www.westlaw.com/Document/I2a334170ec8011e69a9296e6a6f4a986/View/FullText.html?navigationPath=%2FRelatedInfo%2Fv1%2FkcCitingReferences%2Fnav%3FdocGuid%3DN5E20D060E15911DC9702ED6752F9EEB6%26midlineIndex%3D34%26warningFlag%3DN%26planIcons%3DNO%26skipOutOfPlan%3Dnull%26sort%3Ddatedesc%26filterGuid%3Dh3ea74a6a6ce50dd6e4cbf8616bdd7eba%26category%3DkcCitingReferences&listSource=RelatedInfo&list=CitingReferences&rank=34&docFamilyGuid=I2acbb0e0ec8011e6862ebfb3a18d7b33&overruleRisk=true&ppcid=050309ddeb4f45ad8c4eb8436c2adba0&originationContext=citingreferences&transitionType=CitingReferencesItem&contextData=%28sc.RelatedInfo%29&VR=3.0&RS=cblt1.0,"2016 WL 8200598, *1",N.C.Super.,"Nov. 29, 2016",Trial Court Order
,"Order Allowing Claim of CIT Finance, LLC and Approving Consent Judgment (CIT Finance V. CCSEA)",https://www.westlaw.com/Document/Id2cbc890192e11e7afe7804507f6db3f/View/FullText.html?navigationPath=%2FRelatedInfo%2Fv1%2FkcCitingReferences%2Fnav%3FdocGuid%3DN5E20D060E15911DC9702ED6752F9EEB6%26midlineIndex%3D35%26warningFlag%3DN%26planIcons%3DNO%26skipOutOfPlan%3Dnull%26sort%3Ddatedesc%26filterGuid%3Dh3ea74a6a6ce50dd6e4cbf8616bdd7eba%26category%3DkcCitingReferences&listSource=RelatedInfo&list=CitingReferences&rank=35&docFamilyGuid=Id4eecfa0192e11e79602e061f24d30eb&overruleRisk=true&ppcid=050309ddeb4f45ad8c4eb8436c2adba0&originationContext=citingreferences&transitionType=CitingReferencesItem&contextData=%28sc.RelatedInfo%29&VR=3.0&RS=cblt1.0,"2016 WL 8653066, *1",N.C.Super.,"Nov. 29, 2016",Trial Court Order
,Order and Judgment,https://www.westlaw.com/Document/Id35989a0192e11e7bc7a881983352365/View/FullText.html?navigationPath=%2FRelatedInfo%2Fv1%2FkcCitingReferences%2Fnav%3FdocGuid%3DN5E20D060E15911DC9702ED6752F9EEB6%26midlineIndex%3D36%26warningFlag%3DN%26planIcons%3DNO%26skipOutOfPlan%3Dnull%26sort%3Ddatedesc%26filterGuid%3Dh3ea74a6a6ce50dd6e4cbf8616bdd7eba%26category%3DkcCitingReferences&listSource=RelatedInfo&list=CitingReferences&rank=36&docFamilyGuid=Id59d3810192e11e7adddf3e860e05353&overruleRisk=true&ppcid=050309ddeb4f45ad8c4eb8436c2adba0&originationContext=citingreferences&transitionType=CitingReferencesItem&contextData=%28sc.RelatedInfo%29&VR=3.0&RS=cblt1.0,"2016 WL 8653072, *1",N.C.Super.,"Oct. 12, 2016",Trial Court Order
,Order Regarding Designation,https://www.westlaw.com/Document/Ied1d0e705c8d11ea8872c8d7408e2a84/View/FullText.html?navigationPath=%2FRelatedInfo%2Fv1%2FkcCitingReferences%2Fnav%3FdocGuid%3DN5E20D060E15911DC9702ED6752F9EEB6%26midlineIndex%3D37%26warningFlag%3DN%26planIcons%3DNO%26skipOutOfPlan%3Dnull%26sort%3Ddatedesc%26filterGuid%3Dh3ea74a6a6ce50dd6e4cbf8616bdd7eba%26category%3DkcCitingReferences&listSource=RelatedInfo&list=CitingReferences&rank=37&docFamilyGuid=Iededcbf05c8d11eaa587ee491faebe27&overruleRisk=true&ppcid=050309ddeb4f45ad8c4eb8436c2adba0&originationContext=citingreferences&transitionType=CitingReferencesItem&contextData=%28sc.RelatedInfo%29&VR=3.0&RS=cblt1.0,"2016 WL 11671279, *1",N.C.Super.,"Oct. 12, 2016",Trial Court Order
,Order Regarding Designation,https://www.westlaw.com/Document/I37ad73a0849111eabe72ab8ceda0db5a/View/FullText.html?navigationPath=%2FRelatedInfo%2Fv1%2FkcCitingReferences%2Fnav%3FdocGuid%3DN5E20D060E15911DC9702ED6752F9EEB6%26midlineIndex%3D38%26warningFlag%3DN%26planIcons%3DNO%26skipOutOfPlan%3Dnull%26sort%3Ddatedesc%26filterGuid%3Dh3ea74a6a6ce50dd6e4cbf8616bdd7eba%26category%3DkcCitingReferences&listSource=RelatedInfo&list=CitingReferences&rank=38&docFamilyGuid=I38412820849111eabe47d2ae24cd35e4&overruleRisk=true&ppcid=050309ddeb4f45ad8c4eb8436c2adba0&originationContext=citingreferences&transitionType=CitingReferencesItem&contextData=%28sc.RelatedInfo%29&VR=3.0&RS=cblt1.0,"2016 WL 11679534, *1",N.C.Super.,"Oct. 10, 2016",Trial Court Order
,Order Regarding Designation,https://www.westlaw.com/Document/I36ab3d8075f911eaa8cae290e7463146/View/FullText.html?navigationPath=%2FRelatedInfo%2Fv1%2FkcCitingReferences%2Fnav%3FdocGuid%3DN5E20D060E15911DC9702ED6752F9EEB6%26midlineIndex%3D39%26warningFlag%3DN%26planIcons%3DNO%26skipOutOfPlan%3Dnull%26sort%3Ddatedesc%26filterGuid%3Dh3ea74a6a6ce50dd6e4cbf8616bdd7eba%26category%3DkcCitingReferences&listSource=RelatedInfo&list=CitingReferences&rank=39&docFamilyGuid=I3757aa2075f911eaa1f0bbbde9fe297f&overruleRisk=true&ppcid=050309ddeb4f45ad8c4eb8436c2adba0&originationContext=citingreferences&transitionType=CitingReferencesItem&contextData=%28sc.RelatedInfo%29&VR=3.0&RS=cblt1.0,"2016 WL 11676575, *1",N.C.Super.,"Aug. 26, 2016",Trial Court Order
,Order Granting Defendants' Rule 12 (c) Motions Dismissing the Complaint,https://www.westlaw.com/Document/I2df59720915b11e68bf9cabfb8a03530/View/FullText.html?navigationPath=%2FRelatedInfo%2Fv1%2FkcCitingReferences%2Fnav%3FdocGuid%3DN5E20D060E15911DC9702ED6752F9EEB6%26midlineIndex%3D40%26warningFlag%3DN%26planIcons%3DNO%26skipOutOfPlan%3Dnull%26sort%3Ddatedesc%26filterGuid%3Dh3ea74a6a6ce50dd6e4cbf8616bdd7eba%26category%3DkcCitingReferences&listSource=RelatedInfo&list=CitingReferences&rank=40&docFamilyGuid=I30252150915b11e68235ff0526432ca4&overruleRisk=true&ppcid=050309ddeb4f45ad8c4eb8436c2adba0&originationContext=citingreferences&transitionType=CitingReferencesItem&contextData=%28sc.RelatedInfo%29&VR=3.0&RS=cblt1.0,"2016 WL 5935568, *1+",N.C.Super.,"July 25, 2016",Trial Court Order
,Order on Opposition,https://www.westlaw.com/Document/Ifacca9005af711eab72786abaf113578/View/FullText.html?navigationPath=%2FRelatedInfo%2Fv1%2FkcCitingReferences%2Fnav%3FdocGuid%3DN5E20D060E15911DC9702ED6752F9EEB6%26midlineIndex%3D41%26warningFlag%3DN%26planIcons%3DNO%26skipOutOfPlan%3Dnull%26sort%3Ddatedesc%26filterGuid%3Dh3ea74a6a6ce50dd6e4cbf8616bdd7eba%26category%3DkcCitingReferences&listSource=RelatedInfo&list=CitingReferences&rank=41&docFamilyGuid=Ifc1f67c05af711ea818b9403431c8902&overruleRisk=true&ppcid=050309ddeb4f45ad8c4eb8436c2adba0&originationContext=citingreferences&transitionType=CitingReferencesItem&contextData=%28sc.RelatedInfo%29&VR=3.0&RS=cblt1.0,"2016 WL 11671206, *2+",N.C.Super.,"Apr. 19, 2016",Trial Court Order
,Order,https://www.westlaw.com/Document/Icbfb11608ccb11ea81b1c9303791cfc3/View/FullText.html?navigationPath=%2FRelatedInfo%2Fv1%2FkcCitingReferences%2Fnav%3FdocGuid%3DN5E20D060E15911DC9702ED6752F9EEB6%26midlineIndex%3D42%26warningFlag%3DN%26planIcons%3DNO%26skipOutOfPlan%3Dnull%26sort%3Ddatedesc%26filterGuid%3Dh3ea74a6a6ce50dd6e4cbf8616bdd7eba%26category%3DkcCitingReferences&listSource=RelatedInfo&list=CitingReferences&rank=42&docFamilyGuid=Icc6c70d08ccb11ea8f66aec003ee1ebd&overruleRisk=true&ppcid=050309ddeb4f45ad8c4eb8436c2adba0&originationContext=citingreferences&transitionType=CitingReferencesItem&contextData=%28sc.RelatedInfo%29&VR=3.0&RS=cblt1.0,"2016 WL 11680793, *1+",N.C.Super.,"Apr. 13, 2016",Trial Court Order
,Order Granting Motion for Partial Summary Judgment,https://www.westlaw.com/Document/I464fbe30c58a11e88037ff68a1223ab1/View/FullText.html?navigationPath=%2FRelatedInfo%2Fv1%2FkcCitingReferences%2Fnav%3FdocGuid%3DN5E20D060E15911DC9702ED6752F9EEB6%26midlineIndex%3D43%26warningFlag%3DN%26planIcons%3DNO%26skipOutOfPlan%3Dnull%26sort%3Ddatedesc%26filterGuid%3Dh3ea74a6a6ce50dd6e4cbf8616bdd7eba%26category%3DkcCitingReferences&listSource=RelatedInfo&list=CitingReferences&rank=43&docFamilyGuid=I474345f0c58a11e890d7bfe1d3f2c2b8&overruleRisk=true&ppcid=050309ddeb4f45ad8c4eb8436c2adba0&originationContext=citingreferences&transitionType=CitingReferencesItem&contextData=%28sc.RelatedInfo%29&VR=3.0&RS=cblt1.0,"2016 WL 11494957, *1",N.C.Super.,"Apr. 11, 2016",Trial Court Order
,Order,https://www.westlaw.com/Document/Ied1c99405c8d11eaa7f2c2ee73128881/View/FullText.html?navigationPath=%2FRelatedInfo%2Fv1%2FkcCitingReferences%2Fnav%3FdocGuid%3DN5E20D060E15911DC9702ED6752F9EEB6%26midlineIndex%3D44%26warningFlag%3DN%26planIcons%3DNO%26skipOutOfPlan%3Dnull%26sort%3Ddatedesc%26filterGuid%3Dh3ea74a6a6ce50dd6e4cbf8616bdd7eba%26category%3DkcCitingReferences&listSource=RelatedInfo&list=CitingReferences&rank=44&docFamilyGuid=Iee2138005c8d11ea818b9403431c8902&overruleRisk=true&ppcid=050309ddeb4f45ad8c4eb8436c2adba0&originationContext=citingreferences&transitionType=CitingReferencesItem&contextData=%28sc.RelatedInfo%29&VR=3.0&RS=cblt1.0,"2016 WL 11671280, *3",N.C.Super.,"Feb. 29, 2016",Trial Court Order
,Order,https://www.westlaw.com/Document/I37ac8940849111eabe72ab8ceda0db5a/View/FullText.html?navigationPath=%2FRelatedInfo%2Fv1%2FkcCitingReferences%2Fnav%3FdocGuid%3DN5E20D060E15911DC9702ED6752F9EEB6%26midlineIndex%3D45%26warningFlag%3DN%26planIcons%3DNO%26skipOutOfPlan%3Dnull%26sort%3Ddatedesc%26filterGuid%3Dh3ea74a6a6ce50dd6e4cbf8616bdd7eba%26category%3DkcCitingReferences&listSource=RelatedInfo&list=CitingReferences&rank=45&docFamilyGuid=I38269b40849111eaa124f3b311124119&overruleRisk=true&ppcid=050309ddeb4f45ad8c4eb8436c2adba0&originationContext=citingreferences&transitionType=CitingReferencesItem&contextData=%28sc.RelatedInfo%29&VR=3.0&RS=cblt1.0,"2016 WL 11679533, *1",N.C.Super.,"Feb. 23, 2016",Trial Court Order
,Order Regarding Designation,https://www.westlaw.com/Document/Iebeddd405c8d11ea8872c8d7408e2a84/View/FullText.html?navigationPath=%2FRelatedInfo%2Fv1%2FkcCitingReferences%2Fnav%3FdocGuid%3DN5E20D060E15911DC9702ED6752F9EEB6%26midlineIndex%3D46%26warningFlag%3DN%26planIcons%3DNO%26skipOutOfPlan%3Dnull%26sort%3Ddatedesc%26filterGuid%3Dh3ea74a6a6ce50dd6e4cbf8616bdd7eba%26category%3DkcCitingReferences&listSource=RelatedInfo&list=CitingReferences&rank=46&docFamilyGuid=Iecb265c05c8d11eaa587ee491faebe27&overruleRisk=true&ppcid=050309ddeb4f45ad8c4eb8436c2adba0&originationContext=citingreferences&transitionType=CitingReferencesItem&contextData=%28sc.RelatedInfo%29&VR=3.0&RS=cblt1.0,"2015 WL 13856659, *1+",N.C.Super.,"Dec. 28, 2015",Trial Court Order
,"Order on Motion to Stay Execution Pending Appeal by Defendants Michael J. Rosner, MD and Michael J. Rosner, MD PA",https://www.westlaw.com/Document/I3c60a550977611e595f799cc3c3ba45b/View/FullText.html?navigationPath=%2FRelatedInfo%2Fv1%2FkcCitingReferences%2Fnav%3FdocGuid%3DN5E20D060E15911DC9702ED6752F9EEB6%26midlineIndex%3D47%26warningFlag%3DN%26planIcons%3DNO%26skipOutOfPlan%3Dnull%26sort%3Ddatedesc%26filterGuid%3Dh3ea74a6a6ce50dd6e4cbf8616bdd7eba%26category%3DkcCitingReferences&listSource=RelatedInfo&list=CitingReferences&rank=47&docFamilyGuid=I3e3628a0977611e5bd97e0630fe7eb1d&overruleRisk=true&ppcid=050309ddeb4f45ad8c4eb8436c2adba0&originationContext=citingreferences&transitionType=CitingReferencesItem&contextData=%28sc.RelatedInfo%29&VR=3.0&RS=cblt1.0,"2015 WL 7693060, *1",N.C.Super.,"Aug. 05, 2015",Trial Court Order
,Order and Judgment,https://www.westlaw.com/Document/I32fbdc50977611e59a139b8f80c70067/View/FullText.html?navigationPath=%2FRelatedInfo%2Fv1%2FkcCitingReferences%2Fnav%3FdocGuid%3DN5E20D060E15911DC9702ED6752F9EEB6%26midlineIndex%3D48%26warningFlag%3DN%26planIcons%3DNO%26skipOutOfPlan%3Dnull%26sort%3Ddatedesc%26filterGuid%3Dh3ea74a6a6ce50dd6e4cbf8616bdd7eba%26category%3DkcCitingReferences&listSource=RelatedInfo&list=CitingReferences&rank=48&docFamilyGuid=I33f15fe0977611e59de5878a78554a3c&overruleRisk=true&ppcid=050309ddeb4f45ad8c4eb8436c2adba0&originationContext=citingreferences&transitionType=CitingReferencesItem&contextData=%28sc.RelatedInfo%29&VR=3.0&RS=cblt1.0,"2015 WL 7693042, *1",N.C.Super.,"June 18, 2015",Trial Court Order
,Order,https://www.westlaw.com/Document/Ifb2a2ca0bd9611e9aec88be692101305/View/FullText.html?navigationPath=%2FRelatedInfo%2Fv1%2FkcCitingReferences%2Fnav%3FdocGuid%3DN5E20D060E15911DC9702ED6752F9EEB6%26midlineIndex%3D49%26warningFlag%3DN%26planIcons%3DNO%26skipOutOfPlan%3Dnull%26sort%3Ddatedesc%26filterGuid%3Dh3ea74a6a6ce50dd6e4cbf8616bdd7eba%26category%3DkcCitingReferences&listSource=RelatedInfo&list=CitingReferences&rank=49&docFamilyGuid=Ifc230b90bd9611e980beedb70e0632a8&overruleRisk=true&ppcid=050309ddeb4f45ad8c4eb8436c2adba0&originationContext=citingreferences&transitionType=CitingReferencesItem&contextData=%28sc.RelatedInfo%29&VR=3.0&RS=cblt1.0,"2015 WL 13824264, *1",N.C.Super.,"June 10, 2015",Trial Court Order
,Order and Judgment,https://www.westlaw.com/Document/I84a00410a00811e593d3f989482fc037/View/FullText.html?navigationPath=%2FRelatedInfo%2Fv1%2FkcCitingReferences%2Fnav%3FdocGuid%3DN5E20D060E15911DC9702ED6752F9EEB6%26midlineIndex%3D50%26warningFlag%3DN%26planIcons%3DNO%26skipOutOfPlan%3Dnull%26sort%3Ddatedesc%26filterGuid%3Dh3ea74a6a6ce50dd6e4cbf8616bdd7eba%26category%3DkcCitingReferences&listSource=RelatedInfo&list=CitingReferences&rank=50&docFamilyGuid=I85f581f0a00811e5bec6a4843495a3a0&overruleRisk=true&ppcid=050309ddeb4f45ad8c4eb8436c2adba0&originationContext=citingreferences&transitionType=CitingReferencesItem&contextData=%28sc.RelatedInfo%29&VR=3.0&RS=cblt1.0,"2015 WL 8483540, *1",N.C.Super.,"June 08, 2015",Trial Court Order
,Order,https://www.westlaw.com/Document/I4a5aa220508e11e580f3d2d5f43c7970/View/FullText.html?navigationPath=%2FRelatedInfo%2Fv1%2FkcCitingReferences%2Fnav%3FdocGuid%3DN5E20D060E15911DC9702ED6752F9EEB6%26midlineIndex%3D51%26warningFlag%3DN%26planIcons%3DNO%26skipOutOfPlan%3Dnull%26sort%3Ddatedesc%26filterGuid%3Dh3ea74a6a6ce50dd6e4cbf8616bdd7eba%26category%3DkcCitingReferences&listSource=RelatedInfo&list=CitingReferences&rank=51&docFamilyGuid=I4c17bb70508e11e5b9d3a91f0467539e&overruleRisk=true&ppcid=050309ddeb4f45ad8c4eb8436c2adba0&originationContext=citingreferences&transitionType=CitingReferencesItem&contextData=%28sc.RelatedInfo%29&VR=3.0&RS=cblt1.0,"2015 WL 5096133, *1",N.C.Super.,"May 08, 2015",Trial Court Order
,Order Recommending Designation of Case as Exceptional and Appointment of Judge Rule 2.1,https://www.westlaw.com/Document/Ied146680fd4711e4801790b8abf6dfdf/View/FullText.html?navigationPath=%2FRelatedInfo%2Fv1%2FkcCitingReferences%2Fnav%3FdocGuid%3DN5E20D060E15911DC9702ED6752F9EEB6%26midlineIndex%3D52%26warningFlag%3DN%26planIcons%3DNO%26skipOutOfPlan%3Dnull%26sort%3Ddatedesc%26filterGuid%3Dh3ea74a6a6ce50dd6e4cbf8616bdd7eba%26category%3DkcCitingReferences&listSource=RelatedInfo&list=CitingReferences&rank=52&docFamilyGuid=Iee4a9c90fd4711e4b162e33c17ac91dd&overruleRisk=true&ppcid=050309ddeb4f45ad8c4eb8436c2adba0&originationContext=citingreferences&transitionType=CitingReferencesItem&contextData=%28sc.RelatedInfo%29&VR=3.0&RS=cblt1.0,"2015 WL 2338637, *1+",N.C.Super.,"May 05, 2015",Trial Court Order
,Order Denying Motion for Preliminary Injunction,https://www.westlaw.com/Document/Ia6979b70b6a911e581b4a1a364f337cb/View/FullText.html?navigationPath=%2FRelatedInfo%2Fv1%2FkcCitingReferences%2Fnav%3FdocGuid%3DN5E20D060E15911DC9702ED6752F9EEB6%26midlineIndex%3D53%26warningFlag%3DN%26planIcons%3DNO%26skipOutOfPlan%3Dnull%26sort%3Ddatedesc%26filterGuid%3Dh3ea74a6a6ce50dd6e4cbf8616bdd7eba%26category%3DkcCitingReferences&listSource=RelatedInfo&list=CitingReferences&rank=53&docFamilyGuid=Iaa70b6f0b6a911e5bd1fffd805d82c29&overruleRisk=true&ppcid=050309ddeb4f45ad8c4eb8436c2adba0&originationContext=citingreferences&transitionType=CitingReferencesItem&contextData=%28sc.RelatedInfo%29&VR=3.0&RS=cblt1.0,"2015 WL 9666673, *1",N.C.Super.,"Mar. 09, 2015",Trial Court Order
,Order on Parties' Motions for Judgment on the Pleadings,https://www.westlaw.com/Document/Id6b6d160c23811e48f32a02fa8228da0/View/FullText.html?navigationPath=%2FRelatedInfo%2Fv1%2FkcCitingReferences%2Fnav%3FdocGuid%3DN5E20D060E15911DC9702ED6752F9EEB6%26midlineIndex%3D54%26warningFlag%3DN%26planIcons%3DNO%26skipOutOfPlan%3Dnull%26sort%3Ddatedesc%26filterGuid%3Dh3ea74a6a6ce50dd6e4cbf8616bdd7eba%26category%3DkcCitingReferences&listSource=RelatedInfo&list=CitingReferences&rank=54&docFamilyGuid=Id7a37b50c23811e4a9d8c4b0c0c70fb2&overruleRisk=true&ppcid=050309ddeb4f45ad8c4eb8436c2adba0&originationContext=citingreferences&transitionType=CitingReferencesItem&contextData=%28sc.RelatedInfo%29&VR=3.0&RS=cblt1.0,"2015 WL 883210, *1",N.C.Super.,"Feb. 24, 2015",Trial Court Order
,Order Granting Summary Judgment,https://www.westlaw.com/Document/I4b53f640508e11e5ba1adf5ea8bc3a3d/View/FullText.html?navigationPath=%2FRelatedInfo%2Fv1%2FkcCitingReferences%2Fnav%3FdocGuid%3DN5E20D060E15911DC9702ED6752F9EEB6%26midlineIndex%3D55%26warningFlag%3DN%26planIcons%3DNO%26skipOutOfPlan%3Dnull%26sort%3Ddatedesc%26filterGuid%3Dh3ea74a6a6ce50dd6e4cbf8616bdd7eba%26category%3DkcCitingReferences&listSource=RelatedInfo&list=CitingReferences&rank=55&docFamilyGuid=I4da4eb20508e11e5998fdfea91afb52b&overruleRisk=true&ppcid=050309ddeb4f45ad8c4eb8436c2adba0&originationContext=citingreferences&transitionType=CitingReferencesItem&contextData=%28sc.RelatedInfo%29&VR=3.0&RS=cblt1.0,"2015 WL 5096139, *1",N.C.Super.,"Jan. 20, 2015",Trial Court Order
,Order,https://www.westlaw.com/Document/Ibf45e530a05611e7abd4d53a4dbd6890/View/FullText.html?navigationPath=%2FRelatedInfo%2Fv1%2FkcCitingReferences%2Fnav%3FdocGuid%3DN5E20D060E15911DC9702ED6752F9EEB6%26midlineIndex%3D56%26warningFlag%3DN%26planIcons%3DNO%26skipOutOfPlan%3Dnull%26sort%3Ddatedesc%26filterGuid%3Dh3ea74a6a6ce50dd6e4cbf8616bdd7eba%26category%3DkcCitingReferences&listSource=RelatedInfo&list=CitingReferences&rank=56&docFamilyGuid=Ic09f0c90a05611e78661f4abc9c5ca87&overruleRisk=true&ppcid=050309ddeb4f45ad8c4eb8436c2adba0&originationContext=citingreferences&transitionType=CitingReferencesItem&contextData=%28sc.RelatedInfo%29&VR=3.0&RS=cblt1.0,"2014 WL 12738809, *1+",N.C.Super.,"Sep. 19, 2014",Trial Court Order
,Order and Judgment,https://www.westlaw.com/Document/I48c05ed0977611e595f799cc3c3ba45b/View/FullText.html?navigationPath=%2FRelatedInfo%2Fv1%2FkcCitingReferences%2Fnav%3FdocGuid%3DN5E20D060E15911DC9702ED6752F9EEB6%26midlineIndex%3D57%26warningFlag%3DN%26planIcons%3DNO%26skipOutOfPlan%3Dnull%26sort%3Ddatedesc%26filterGuid%3Dh3ea74a6a6ce50dd6e4cbf8616bdd7eba%26category%3DkcCitingReferences&listSource=RelatedInfo&list=CitingReferences&rank=57&docFamilyGuid=I4b913210977611e5ad41f14ee371d069&overruleRisk=true&ppcid=050309ddeb4f45ad8c4eb8436c2adba0&originationContext=citingreferences&transitionType=CitingReferencesItem&contextData=%28sc.RelatedInfo%29&VR=3.0&RS=cblt1.0,"2014 WL 10743716, *1",N.C.Super.,"June 19, 2014",Trial Court Order
,Corrected Order,https://www.westlaw.com/Document/Ib4b055d0674f11e48a659e8e19b67796/View/FullText.html?navigationPath=%2FRelatedInfo%2Fv1%2FkcCitingReferences%2Fnav%3FdocGuid%3DN5E20D060E15911DC9702ED6752F9EEB6%26midlineIndex%3D58%26warningFlag%3DN%26planIcons%3DNO%26skipOutOfPlan%3Dnull%26sort%3Ddatedesc%26filterGuid%3Dh3ea74a6a6ce50dd6e4cbf8616bdd7eba%26category%3DkcCitingReferences&listSource=RelatedInfo&list=CitingReferences&rank=58&docFamilyGuid=I46ec718e666811e490d4edf60ce7d742&overruleRisk=true&ppcid=050309ddeb4f45ad8c4eb8436c2adba0&originationContext=citingreferences&transitionType=CitingReferencesItem&contextData=%28sc.RelatedInfo%29&VR=3.0&RS=cblt1.0,"2014 WL 5789813, *1",N.C.Super.,"May 22, 2014",Trial Court Order
,Amended Order on Motion for Class Certification,https://www.westlaw.com/Document/I8ffaa440083e11e4829fb4153b7d0c0c/View/FullText.html?navigationPath=%2FRelatedInfo%2Fv1%2FkcCitingReferences%2Fnav%3FdocGuid%3DN5E20D060E15911DC9702ED6752F9EEB6%26midlineIndex%3D59%26warningFlag%3DN%26planIcons%3DNO%26skipOutOfPlan%3Dnull%26sort%3Ddatedesc%26filterGuid%3Dh3ea74a6a6ce50dd6e4cbf8616bdd7eba%26category%3DkcCitingReferences&listSource=RelatedInfo&list=CitingReferences&rank=59&docFamilyGuid=Ic4adfe49077611e49488c8f438320c70&overruleRisk=true&ppcid=050309ddeb4f45ad8c4eb8436c2adba0&originationContext=citingreferences&transitionType=CitingReferencesItem&contextData=%28sc.RelatedInfo%29&VR=3.0&RS=cblt1.0,"2014 WL 3360121, *1",N.C.Super.,"Feb. 24, 2014",Trial Court Order
,Order Granting Motion to Stay and Certify Judgment for Appeal,https://www.westlaw.com/Document/If8c407306bfa11e48a659e8e19b67796/View/FullText.html?navigationPath=%2FRelatedInfo%2Fv1%2FkcCitingReferences%2Fnav%3FdocGuid%3DN5E20D060E15911DC9702ED6752F9EEB6%26midlineIndex%3D60%26warningFlag%3DN%26planIcons%3DNO%26skipOutOfPlan%3Dnull%26sort%3Ddatedesc%26filterGuid%3Dh3ea74a6a6ce50dd6e4cbf8616bdd7eba%26category%3DkcCitingReferences&listSource=RelatedInfo&list=CitingReferences&rank=60&docFamilyGuid=I267668256b3511e49488c8f438320c70&overruleRisk=true&ppcid=050309ddeb4f45ad8c4eb8436c2adba0&originationContext=citingreferences&transitionType=CitingReferencesItem&contextData=%28sc.RelatedInfo%29&VR=3.0&RS=cblt1.0,"2014 WL 5877397, *1",N.C.Super.,"Jan. 28, 2014",Trial Court Order
,Trial Order,https://www.westlaw.com/Document/Ib21509906bc511e4ac57aff12e096939/View/FullText.html?navigationPath=%2FRelatedInfo%2Fv1%2FkcCitingReferences%2Fnav%3FdocGuid%3DN5E20D060E15911DC9702ED6752F9EEB6%26midlineIndex%3D61%26warningFlag%3DN%26planIcons%3DNO%26skipOutOfPlan%3Dnull%26sort%3Ddatedesc%26filterGuid%3Dh3ea74a6a6ce50dd6e4cbf8616bdd7eba%26category%3DkcCitingReferences&listSource=RelatedInfo&list=CitingReferences&rank=61&docFamilyGuid=I267705586b3511e49488c8f438320c70&overruleRisk=true&ppcid=050309ddeb4f45ad8c4eb8436c2adba0&originationContext=citingreferences&transitionType=CitingReferencesItem&contextData=%28sc.RelatedInfo%29&VR=3.0&RS=cblt1.0,"2013 WL 9882940, *1",N.C.Super.,"July 03, 2013",Trial Court Order
,Order on Motion for Class Certification,https://www.westlaw.com/Document/I8fad2080083e11e4a65ff369e2cf66c3/View/FullText.html?navigationPath=%2FRelatedInfo%2Fv1%2FkcCitingReferences%2Fnav%3FdocGuid%3DN5E20D060E15911DC9702ED6752F9EEB6%26midlineIndex%3D62%26warningFlag%3DN%26planIcons%3DNO%26skipOutOfPlan%3Dnull%26sort%3Ddatedesc%26filterGuid%3Dh3ea74a6a6ce50dd6e4cbf8616bdd7eba%26category%3DkcCitingReferences&listSource=RelatedInfo&list=CitingReferences&rank=62&docFamilyGuid=I0eb31e4e06e311e490d4edf60ce7d742&overruleRisk=true&ppcid=050309ddeb4f45ad8c4eb8436c2adba0&originationContext=citingreferences&transitionType=CitingReferencesItem&contextData=%28sc.RelatedInfo%29&VR=3.0&RS=cblt1.0,"2013 WL 8780506, *1",N.C.Super.,"June 27, 2013",Trial Court Order
,Order Denying Defendants' Motion to Dismiss,https://www.westlaw.com/Document/Iae18ab013ff011e3a341ea44e5e1f25f/View/FullText.html?navigationPath=%2FRelatedInfo%2Fv1%2FkcCitingReferences%2Fnav%3FdocGuid%3DN5E20D060E15911DC9702ED6752F9EEB6%26midlineIndex%3D63%26warningFlag%3DN%26planIcons%3DNO%26skipOutOfPlan%3Dnull%26sort%3Ddatedesc%26filterGuid%3Dh3ea74a6a6ce50dd6e4cbf8616bdd7eba%26category%3DkcCitingReferences&listSource=RelatedInfo&list=CitingReferences&rank=63&docFamilyGuid=If23691633fc011e3a341ea44e5e1f25f&overruleRisk=true&ppcid=050309ddeb4f45ad8c4eb8436c2adba0&originationContext=citingreferences&transitionType=CitingReferencesItem&contextData=%28sc.RelatedInfo%29&VR=3.0&RS=cblt1.0,"2013 WL 5779483, *1+",N.C.Super.,"May 23, 2013",Trial Court Order
,Order,https://www.westlaw.com/Document/Ic5abff5084da11e794a1f7ff5c621124/View/FullText.html?navigationPath=%2FRelatedInfo%2Fv1%2FkcCitingReferences%2Fnav%3FdocGuid%3DN5E20D060E15911DC9702ED6752F9EEB6%26midlineIndex%3D64%26warningFlag%3DN%26planIcons%3DNO%26skipOutOfPlan%3Dnull%26sort%3Ddatedesc%26filterGuid%3Dh3ea74a6a6ce50dd6e4cbf8616bdd7eba%26category%3DkcCitingReferences&listSource=RelatedInfo&list=CitingReferences&rank=64&docFamilyGuid=Ic67fa30084da11e7847e828ac2123da3&overruleRisk=true&ppcid=050309ddeb4f45ad8c4eb8436c2adba0&originationContext=citingreferences&transitionType=CitingReferencesItem&contextData=%28sc.RelatedInfo%29&VR=3.0&RS=cblt1.0,"2013 WL 12234213, *1+",N.C.Super.,"Jan. 08, 2013",Trial Court Order
,"Order on Plaintiffs' Motion to Compel Against Carefusion 203, Inc.",https://www.westlaw.com/Document/Ie3d3df10853d11e498c7f14f65d61b06/View/FullText.html?navigationPath=%2FRelatedInfo%2Fv1%2FkcCitingReferences%2Fnav%3FdocGuid%3DN5E20D060E15911DC9702ED6752F9EEB6%26midlineIndex%3D65%26warningFlag%3DN%26planIcons%3DNO%26skipOutOfPlan%3Dnull%26sort%3Ddatedesc%26filterGuid%3Dh3ea74a6a6ce50dd6e4cbf8616bdd7eba%26category%3DkcCitingReferences&listSource=RelatedInfo&list=CitingReferences&rank=65&docFamilyGuid=Ie6793580853d11e4a0978fb3af703581&overruleRisk=true&ppcid=050309ddeb4f45ad8c4eb8436c2adba0&originationContext=citingreferences&transitionType=CitingReferencesItem&contextData=%28sc.RelatedInfo%29&VR=3.0&RS=cblt1.0,"2012 WL 11967095, *2",N.C.Super.,"Dec. 12, 2012",Trial Court Order
,"Order on Motion to Dismiss for Lack of Personal Jursidiciton Over Defendant Quality Medical Rentals, LLC",https://www.westlaw.com/Document/Ieef33030e07411e38530bc161e58ce0c/View/FullText.html?navigationPath=%2FRelatedInfo%2Fv1%2FkcCitingReferences%2Fnav%3FdocGuid%3DN5E20D060E15911DC9702ED6752F9EEB6%26midlineIndex%3D66%26warningFlag%3DN%26planIcons%3DNO%26skipOutOfPlan%3Dnull%26sort%3Ddatedesc%26filterGuid%3Dh3ea74a6a6ce50dd6e4cbf8616bdd7eba%26category%3DkcCitingReferences&listSource=RelatedInfo&list=CitingReferences&rank=66&docFamilyGuid=Idc8a39f6df6a11e390d4edf60ce7d742&overruleRisk=true&ppcid=050309ddeb4f45ad8c4eb8436c2adba0&originationContext=citingreferences&transitionType=CitingReferencesItem&contextData=%28sc.RelatedInfo%29&VR=3.0&RS=cblt1.0,"2012 WL 10863614, *4",N.C.Super.,"Nov. 14, 2012",Trial Court Order
,Order on Defendants' Motion to Dismiss,https://www.westlaw.com/Document/Ifba2d790853d11e48d70c6d03bbbc05e/View/FullText.html?navigationPath=%2FRelatedInfo%2Fv1%2FkcCitingReferences%2Fnav%3FdocGuid%3DN5E20D060E15911DC9702ED6752F9EEB6%26midlineIndex%3D67%26warningFlag%3DN%26planIcons%3DNO%26skipOutOfPlan%3Dnull%26sort%3Ddatedesc%26filterGuid%3Dh3ea74a6a6ce50dd6e4cbf8616bdd7eba%26category%3DkcCitingReferences&listSource=RelatedInfo&list=CitingReferences&rank=67&docFamilyGuid=I00313950853e11e49077a85a38d11830&overruleRisk=true&ppcid=050309ddeb4f45ad8c4eb8436c2adba0&originationContext=citingreferences&transitionType=CitingReferencesItem&contextData=%28sc.RelatedInfo%29&VR=3.0&RS=cblt1.0,"2012 WL 11967150, *1",N.C.Super.,"Oct. 31, 2012",Trial Court Order
,Order,https://www.westlaw.com/Document/I4aca62c83fa811e3a341ea44e5e1f25f/View/FullText.html?navigationPath=%2FRelatedInfo%2Fv1%2FkcCitingReferences%2Fnav%3FdocGuid%3DN5E20D060E15911DC9702ED6752F9EEB6%26midlineIndex%3D68%26warningFlag%3DN%26planIcons%3DNO%26skipOutOfPlan%3Dnull%26sort%3Ddatedesc%26filterGuid%3Dh3ea74a6a6ce50dd6e4cbf8616bdd7eba%26category%3DkcCitingReferences&listSource=RelatedInfo&list=CitingReferences&rank=68&docFamilyGuid=I04ae8fcd3fbb11e3b48bea39e86d4142&overruleRisk=true&ppcid=050309ddeb4f45ad8c4eb8436c2adba0&originationContext=citingreferences&transitionType=CitingReferencesItem&contextData=%28sc.RelatedInfo%29&VR=3.0&RS=cblt1.0,"2012 WL 9391809, *1",N.C.Super.,"Sep. 24, 2012",Trial Court Order
,Order on Motion to Dismiss,https://www.westlaw.com/Document/I82bff410083e11e4a65ff369e2cf66c3/View/FullText.html?navigationPath=%2FRelatedInfo%2Fv1%2FkcCitingReferences%2Fnav%3FdocGuid%3DN5E20D060E15911DC9702ED6752F9EEB6%26midlineIndex%3D69%26warningFlag%3DN%26planIcons%3DNO%26skipOutOfPlan%3Dnull%26sort%3Ddatedesc%26filterGuid%3Dh3ea74a6a6ce50dd6e4cbf8616bdd7eba%26category%3DkcCitingReferences&listSource=RelatedInfo&list=CitingReferences&rank=69&docFamilyGuid=I1007776006d611e4b86bd602cb8781fa&overruleRisk=true&ppcid=050309ddeb4f45ad8c4eb8436c2adba0&originationContext=citingreferences&transitionType=CitingReferencesItem&contextData=%28sc.RelatedInfo%29&VR=3.0&RS=cblt1.0,"2012 WL 11045624, *1",N.C.Super.,"Mar. 30, 2012",Trial Court Order
,Order on Motions for Summary Judgment,https://www.westlaw.com/Document/I72e977493ff411e38912df21cb42a557/View/FullText.html?navigationPath=%2FRelatedInfo%2Fv1%2FkcCitingReferences%2Fnav%3FdocGuid%3DN5E20D060E15911DC9702ED6752F9EEB6%26midlineIndex%3D70%26warningFlag%3DN%26planIcons%3DNO%26skipOutOfPlan%3Dnull%26sort%3Ddatedesc%26filterGuid%3Dh3ea74a6a6ce50dd6e4cbf8616bdd7eba%26category%3DkcCitingReferences&listSource=RelatedInfo&list=CitingReferences&rank=70&docFamilyGuid=Iec3ca0843fba11e3b48bea39e86d4142&overruleRisk=true&ppcid=050309ddeb4f45ad8c4eb8436c2adba0&originationContext=citingreferences&transitionType=CitingReferencesItem&contextData=%28sc.RelatedInfo%29&VR=3.0&RS=cblt1.0,"2012 WL 9391815, *1",N.C.Super.,"Mar. 06, 2012",Trial Court Order
,Order On Class Certification,https://www.westlaw.com/Document/I0338e7346a3411e1be29b2facdefeebe/View/FullText.html?navigationPath=%2FRelatedInfo%2Fv1%2FkcCitingReferences%2Fnav%3FdocGuid%3DN5E20D060E15911DC9702ED6752F9EEB6%26midlineIndex%3D71%26warningFlag%3DN%26planIcons%3DNO%26skipOutOfPlan%3Dnull%26sort%3Ddatedesc%26filterGuid%3Dh3ea74a6a6ce50dd6e4cbf8616bdd7eba%26category%3DkcCitingReferences&listSource=RelatedInfo&list=CitingReferences&rank=71&docFamilyGuid=I0338e7356a3411e1be29b2facdefeebe&overruleRisk=true&ppcid=050309ddeb4f45ad8c4eb8436c2adba0&originationContext=citingreferences&transitionType=CitingReferencesItem&contextData=%28sc.RelatedInfo%29&VR=3.0&RS=cblt1.0,"2012 WL 757135, *1",N.C.Super.,"Feb. 27, 2012",Trial Court Order
,Order,https://www.westlaw.com/Document/I835fe622c74011e1b66bbd5332e2d275/View/FullText.html?navigationPath=%2FRelatedInfo%2Fv1%2FkcCitingReferences%2Fnav%3FdocGuid%3DN5E20D060E15911DC9702ED6752F9EEB6%26midlineIndex%3D72%26warningFlag%3DN%26planIcons%3DNO%26skipOutOfPlan%3Dnull%26sort%3Ddatedesc%26filterGuid%3Dh3ea74a6a6ce50dd6e4cbf8616bdd7eba%26category%3DkcCitingReferences&listSource=RelatedInfo&list=CitingReferences&rank=72&docFamilyGuid=Ie02943c6c77411e1b11ea85d0b248d27&overruleRisk=true&ppcid=050309ddeb4f45ad8c4eb8436c2adba0&originationContext=citingreferences&transitionType=CitingReferencesItem&contextData=%28sc.RelatedInfo%29&VR=3.0&RS=cblt1.0,"2011 WL 8191881, *1",N.C.Super.,"Nov. 10, 2011",Trial Court Order
,Order Granting Plaintiff's Motion for Sanctions,https://www.westlaw.com/Document/I363082fe8ded11e1be29b2facdefeebe/View/FullText.html?navigationPath=%2FRelatedInfo%2Fv1%2FkcCitingReferences%2Fnav%3FdocGuid%3DN5E20D060E15911DC9702ED6752F9EEB6%26midlineIndex%3D73%26warningFlag%3DN%26planIcons%3DNO%26skipOutOfPlan%3Dnull%26sort%3Ddatedesc%26filterGuid%3Dh3ea74a6a6ce50dd6e4cbf8616bdd7eba%26category%3DkcCitingReferences&listSource=RelatedInfo&list=CitingReferences&rank=73&docFamilyGuid=I363082ff8ded11e1be29b2facdefeebe&overruleRisk=true&ppcid=050309ddeb4f45ad8c4eb8436c2adba0&originationContext=citingreferences&transitionType=CitingReferencesItem&contextData=%28sc.RelatedInfo%29&VR=3.0&RS=cblt1.0,"2011 WL 7763397, *1",N.C.Super.,"Oct. 07, 2011",Trial Court Order
,Order,https://www.westlaw.com/Document/Ide1eff8247ab11e380938e6f51729d80/View/FullText.html?navigationPath=%2FRelatedInfo%2Fv1%2FkcCitingReferences%2Fnav%3FdocGuid%3DN5E20D060E15911DC9702ED6752F9EEB6%26midlineIndex%3D74%26warningFlag%3DN%26planIcons%3DNO%26skipOutOfPlan%3Dnull%26sort%3Ddatedesc%26filterGuid%3Dh3ea74a6a6ce50dd6e4cbf8616bdd7eba%26category%3DkcCitingReferences&listSource=RelatedInfo&list=CitingReferences&rank=74&docFamilyGuid=I2033e5f24af211e39ac8bab74931929c&overruleRisk=true&ppcid=050309ddeb4f45ad8c4eb8436c2adba0&originationContext=citingreferences&transitionType=CitingReferencesItem&contextData=%28sc.RelatedInfo%29&VR=3.0&RS=cblt1.0,"2011 WL 11068503, *1",N.C.Super.,"Oct. 06, 2011",Trial Court Order
,Order on Defendants' Motion for Partial Summary Judgment (Ordinary Negligence),https://www.westlaw.com/Document/I363082f28ded11e1be29b2facdefeebe/View/FullText.html?navigationPath=%2FRelatedInfo%2Fv1%2FkcCitingReferences%2Fnav%3FdocGuid%3DN5E20D060E15911DC9702ED6752F9EEB6%26midlineIndex%3D75%26warningFlag%3DN%26planIcons%3DNO%26skipOutOfPlan%3Dnull%26sort%3Ddatedesc%26filterGuid%3Dh3ea74a6a6ce50dd6e4cbf8616bdd7eba%26category%3DkcCitingReferences&listSource=RelatedInfo&list=CitingReferences&rank=75&docFamilyGuid=I363082f38ded11e1be29b2facdefeebe&overruleRisk=true&ppcid=050309ddeb4f45ad8c4eb8436c2adba0&originationContext=citingreferences&transitionType=CitingReferencesItem&contextData=%28sc.RelatedInfo%29&VR=3.0&RS=cblt1.0,"2011 WL 7763398, *1",N.C.Super.,"Aug. 29, 2011",Trial Court Order
,Order on Defendants' Motions to Dismiss and to Strike,https://www.westlaw.com/Document/Id8dfb2bd8ded11e1b720a7764cbfcb47/View/FullText.html?navigationPath=%2FRelatedInfo%2Fv1%2FkcCitingReferences%2Fnav%3FdocGuid%3DN5E20D060E15911DC9702ED6752F9EEB6%26midlineIndex%3D76%26warningFlag%3DN%26planIcons%3DNO%26skipOutOfPlan%3Dnull%26sort%3Ddatedesc%26filterGuid%3Dh3ea74a6a6ce50dd6e4cbf8616bdd7eba%26category%3DkcCitingReferences&listSource=RelatedInfo&list=CitingReferences&rank=76&docFamilyGuid=Id8dfb2c28ded11e1b720a7764cbfcb47&overruleRisk=true&ppcid=050309ddeb4f45ad8c4eb8436c2adba0&originationContext=citingreferences&transitionType=CitingReferencesItem&contextData=%28sc.RelatedInfo%29&VR=3.0&RS=cblt1.0,"2011 WL 7763399, *1",N.C.Super.,"Aug. 29, 2011",Trial Court Order
,Order on Plaintiff's Motion for Application of Collateral Estoppel,https://www.westlaw.com/Document/Id8dfb2b98ded11e1b720a7764cbfcb47/View/FullText.html?navigationPath=%2FRelatedInfo%2Fv1%2FkcCitingReferences%2Fnav%3FdocGuid%3DN5E20D060E15911DC9702ED6752F9EEB6%26midlineIndex%3D77%26warningFlag%3DN%26planIcons%3DNO%26skipOutOfPlan%3Dnull%26sort%3Ddatedesc%26filterGuid%3Dh3ea74a6a6ce50dd6e4cbf8616bdd7eba%26category%3DkcCitingReferences&listSource=RelatedInfo&list=CitingReferences&rank=77&docFamilyGuid=Id8dfb2be8ded11e1b720a7764cbfcb47&overruleRisk=true&ppcid=050309ddeb4f45ad8c4eb8436c2adba0&originationContext=citingreferences&transitionType=CitingReferencesItem&contextData=%28sc.RelatedInfo%29&VR=3.0&RS=cblt1.0,"2011 WL 7763400, *1",N.C.Super.,"Aug. 29, 2011",Trial Court Order
,Order on Defendants' Motion for Summary Judgment on Plaintiff's Corporate Negligence Claim,https://www.westlaw.com/Document/Ida87a9c49b4811e1b343c837631e1747/View/FullText.html?navigationPath=%2FRelatedInfo%2Fv1%2FkcCitingReferences%2Fnav%3FdocGuid%3DN5E20D060E15911DC9702ED6752F9EEB6%26midlineIndex%3D78%26warningFlag%3DN%26planIcons%3DNO%26skipOutOfPlan%3Dnull%26sort%3Ddatedesc%26filterGuid%3Dh3ea74a6a6ce50dd6e4cbf8616bdd7eba%26category%3DkcCitingReferences&listSource=RelatedInfo&list=CitingReferences&rank=78&docFamilyGuid=Ida87a9c59b4811e1b343c837631e1747&overruleRisk=true&ppcid=050309ddeb4f45ad8c4eb8436c2adba0&originationContext=citingreferences&transitionType=CitingReferencesItem&contextData=%28sc.RelatedInfo%29&VR=3.0&RS=cblt1.0,"2011 WL 7808706, *1",N.C.Super.,"Aug. 08, 2011",Trial Court Order
,Order on Motion to Dismiss,https://www.westlaw.com/Document/I0338e7386a3411e1be29b2facdefeebe/View/FullText.html?navigationPath=%2FRelatedInfo%2Fv1%2FkcCitingReferences%2Fnav%3FdocGuid%3DN5E20D060E15911DC9702ED6752F9EEB6%26midlineIndex%3D79%26warningFlag%3DN%26planIcons%3DNO%26skipOutOfPlan%3Dnull%26sort%3Ddatedesc%26filterGuid%3Dh3ea74a6a6ce50dd6e4cbf8616bdd7eba%26category%3DkcCitingReferences&listSource=RelatedInfo&list=CitingReferences&rank=79&docFamilyGuid=I0338e7396a3411e1be29b2facdefeebe&overruleRisk=true&ppcid=050309ddeb4f45ad8c4eb8436c2adba0&originationContext=citingreferences&transitionType=CitingReferencesItem&contextData=%28sc.RelatedInfo%29&VR=3.0&RS=cblt1.0,"2011 WL 7464538, *1",N.C.Super.,"Aug. 05, 2011",Trial Court Order
,Order on Personnel File Redactions and Qi Reports,https://www.westlaw.com/Document/Ida87d0b09b4811e1b343c837631e1747/View/FullText.html?navigationPath=%2FRelatedInfo%2Fv1%2FkcCitingReferences%2Fnav%3FdocGuid%3DN5E20D060E15911DC9702ED6752F9EEB6%26midlineIndex%3D80%26warningFlag%3DN%26planIcons%3DNO%26skipOutOfPlan%3Dnull%26sort%3Ddatedesc%26filterGuid%3Dh3ea74a6a6ce50dd6e4cbf8616bdd7eba%26category%3DkcCitingReferences&listSource=RelatedInfo&list=CitingReferences&rank=80&docFamilyGuid=Ida87d0b19b4811e1b343c837631e1747&overruleRisk=true&ppcid=050309ddeb4f45ad8c4eb8436c2adba0&originationContext=citingreferences&transitionType=CitingReferencesItem&contextData=%28sc.RelatedInfo%29&VR=3.0&RS=cblt1.0,"2011 WL 7808704, *1",N.C.Super.,"June 16, 2011",Trial Court Order
,Order on Discovery Motions,https://www.westlaw.com/Document/Ie853aa0a9b3311e1b343c837631e1747/View/FullText.html?navigationPath=%2FRelatedInfo%2Fv1%2FkcCitingReferences%2Fnav%3FdocGuid%3DN5E20D060E15911DC9702ED6752F9EEB6%26midlineIndex%3D81%26warningFlag%3DN%26planIcons%3DNO%26skipOutOfPlan%3Dnull%26sort%3Ddatedesc%26filterGuid%3Dh3ea74a6a6ce50dd6e4cbf8616bdd7eba%26category%3DkcCitingReferences&listSource=RelatedInfo&list=CitingReferences&rank=81&docFamilyGuid=Ie853aa0b9b3311e1b343c837631e1747&overruleRisk=true&ppcid=050309ddeb4f45ad8c4eb8436c2adba0&originationContext=citingreferences&transitionType=CitingReferencesItem&contextData=%28sc.RelatedInfo%29&VR=3.0&RS=cblt1.0,"2011 WL 7808705, *1",N.C.Super.,"May 30, 2011",Trial Court Order
,Order and Opinion on Motion for Summary Judgment,https://www.westlaw.com/Document/I83600d1dc74011e1b66bbd5332e2d275/View/FullText.html?navigationPath=%2FRelatedInfo%2Fv1%2FkcCitingReferences%2Fnav%3FdocGuid%3DN5E20D060E15911DC9702ED6752F9EEB6%26midlineIndex%3D82%26warningFlag%3DN%26planIcons%3DNO%26skipOutOfPlan%3Dnull%26sort%3Ddatedesc%26filterGuid%3Dh3ea74a6a6ce50dd6e4cbf8616bdd7eba%26category%3DkcCitingReferences&listSource=RelatedInfo&list=CitingReferences&rank=82&docFamilyGuid=Ie2da811ac77411e191598982704508d1&overruleRisk=true&ppcid=050309ddeb4f45ad8c4eb8436c2adba0&originationContext=citingreferences&transitionType=CitingReferencesItem&contextData=%28sc.RelatedInfo%29&VR=3.0&RS=cblt1.0,"2011 WL 8191865, *1",N.C.Super.,"May 27, 2011",Trial Court Order
,Judgment,https://www.westlaw.com/Document/I780926d53fab11e3b48bea39e86d4142/View/FullText.html?navigationPath=%2FRelatedInfo%2Fv1%2FkcCitingReferences%2Fnav%3FdocGuid%3DN5E20D060E15911DC9702ED6752F9EEB6%26midlineIndex%3D83%26warningFlag%3DN%26planIcons%3DNO%26skipOutOfPlan%3Dnull%26sort%3Ddatedesc%26filterGuid%3Dh3ea74a6a6ce50dd6e4cbf8616bdd7eba%26category%3DkcCitingReferences&listSource=RelatedInfo&list=CitingReferences&rank=83&docFamilyGuid=If1c3d8dd3fc811e38912df21cb42a557&overruleRisk=true&ppcid=050309ddeb4f45ad8c4eb8436c2adba0&originationContext=citingreferences&transitionType=CitingReferencesItem&contextData=%28sc.RelatedInfo%29&VR=3.0&RS=cblt1.0,"2011 WL 11048063, *1+",N.C.Super.,"May 23, 2011",Trial Court Order
,Order Allowing Defendants' Motion for Summary Judgment (Rule 56),https://www.westlaw.com/Document/I4af7d520853e11e4b366ed3ce878a8aa/View/FullText.html?navigationPath=%2FRelatedInfo%2Fv1%2FkcCitingReferences%2Fnav%3FdocGuid%3DN5E20D060E15911DC9702ED6752F9EEB6%26midlineIndex%3D84%26warningFlag%3DN%26planIcons%3DNO%26skipOutOfPlan%3Dnull%26sort%3Ddatedesc%26filterGuid%3Dh3ea74a6a6ce50dd6e4cbf8616bdd7eba%26category%3DkcCitingReferences&listSource=RelatedInfo&list=CitingReferences&rank=84&docFamilyGuid=I4d099e20853e11e4a0978fb3af703581&overruleRisk=true&ppcid=050309ddeb4f45ad8c4eb8436c2adba0&originationContext=citingreferences&transitionType=CitingReferencesItem&contextData=%28sc.RelatedInfo%29&VR=3.0&RS=cblt1.0,"2011 WL 12566338, *1",N.C.Super.,"May 17, 2011",Trial Court Order
,Order Regarding Plaintiff and Defendants' Motions to Strike Affidavits,https://www.westlaw.com/Document/I4f55b100853e11e48d70c6d03bbbc05e/View/FullText.html?navigationPath=%2FRelatedInfo%2Fv1%2FkcCitingReferences%2Fnav%3FdocGuid%3DN5E20D060E15911DC9702ED6752F9EEB6%26midlineIndex%3D85%26warningFlag%3DN%26planIcons%3DNO%26skipOutOfPlan%3Dnull%26sort%3Ddatedesc%26filterGuid%3Dh3ea74a6a6ce50dd6e4cbf8616bdd7eba%26category%3DkcCitingReferences&listSource=RelatedInfo&list=CitingReferences&rank=85&docFamilyGuid=I5151cf20853e11e4b637b7d2d45c002d&overruleRisk=true&ppcid=050309ddeb4f45ad8c4eb8436c2adba0&originationContext=citingreferences&transitionType=CitingReferencesItem&contextData=%28sc.RelatedInfo%29&VR=3.0&RS=cblt1.0,"2011 WL 12566348, *1",N.C.Super.,"May 17, 2011",Trial Court Order
,Order on Motion to Stay and Compel Arbitration,https://www.westlaw.com/Document/I830fcc91c77411e1b11ea85d0b248d27/View/FullText.html?navigationPath=%2FRelatedInfo%2Fv1%2FkcCitingReferences%2Fnav%3FdocGuid%3DN5E20D060E15911DC9702ED6752F9EEB6%26midlineIndex%3D86%26warningFlag%3DN%26planIcons%3DNO%26skipOutOfPlan%3Dnull%26sort%3Ddatedesc%26filterGuid%3Dh3ea74a6a6ce50dd6e4cbf8616bdd7eba%26category%3DkcCitingReferences&listSource=RelatedInfo&list=CitingReferences&rank=86&docFamilyGuid=Ie0315a38c77411e1b11ea85d0b248d27&overruleRisk=true&ppcid=050309ddeb4f45ad8c4eb8436c2adba0&originationContext=citingreferences&transitionType=CitingReferencesItem&contextData=%28sc.RelatedInfo%29&VR=3.0&RS=cblt1.0,"2011 WL 8191855, *1",N.C.Super.,"May 16, 2011",Trial Court Order
,Order on Motion to Stay and Compel Arbitration,https://www.westlaw.com/Document/I351071cbc74011e1b60ab297d3d07bc5/View/FullText.html?navigationPath=%2FRelatedInfo%2Fv1%2FkcCitingReferences%2Fnav%3FdocGuid%3DN5E20D060E15911DC9702ED6752F9EEB6%26midlineIndex%3D87%26warningFlag%3DN%26planIcons%3DNO%26skipOutOfPlan%3Dnull%26sort%3Ddatedesc%26filterGuid%3Dh3ea74a6a6ce50dd6e4cbf8616bdd7eba%26category%3DkcCitingReferences&listSource=RelatedInfo&list=CitingReferences&rank=87&docFamilyGuid=Ic5f643a1c77411e1b66bbd5332e2d275&overruleRisk=true&ppcid=050309ddeb4f45ad8c4eb8436c2adba0&originationContext=citingreferences&transitionType=CitingReferencesItem&contextData=%28sc.RelatedInfo%29&VR=3.0&RS=cblt1.0,"2011 WL 8191860, *1",N.C.Super.,"May 16, 2011",Trial Court Order
,Order on Motion to Stay and Compel Arbitration,https://www.westlaw.com/Document/Id48a0814c75c11e1b343c837631e1747/View/FullText.html?navigationPath=%2FRelatedInfo%2Fv1%2FkcCitingReferences%2Fnav%3FdocGuid%3DN5E20D060E15911DC9702ED6752F9EEB6%26midlineIndex%3D88%26warningFlag%3DN%26planIcons%3DNO%26skipOutOfPlan%3Dnull%26sort%3Ddatedesc%26filterGuid%3Dh3ea74a6a6ce50dd6e4cbf8616bdd7eba%26category%3DkcCitingReferences&listSource=RelatedInfo&list=CitingReferences&rank=88&docFamilyGuid=Ic5f5a771c77411e1b66bbd5332e2d275&overruleRisk=true&ppcid=050309ddeb4f45ad8c4eb8436c2adba0&originationContext=citingreferences&transitionType=CitingReferencesItem&contextData=%28sc.RelatedInfo%29&VR=3.0&RS=cblt1.0,"2011 WL 8191861, *1",N.C.Super.,"May 16, 2011",Trial Court Order
,Order on Motion to Stay and Compel Arbitration,https://www.westlaw.com/Document/I83600d27c74011e1b66bbd5332e2d275/View/FullText.html?navigationPath=%2FRelatedInfo%2Fv1%2FkcCitingReferences%2Fnav%3FdocGuid%3DN5E20D060E15911DC9702ED6752F9EEB6%26midlineIndex%3D89%26warningFlag%3DN%26planIcons%3DNO%26skipOutOfPlan%3Dnull%26sort%3Ddatedesc%26filterGuid%3Dh3ea74a6a6ce50dd6e4cbf8616bdd7eba%26category%3DkcCitingReferences&listSource=RelatedInfo&list=CitingReferences&rank=89&docFamilyGuid=Ie02ec211c77411e1b11ea85d0b248d27&overruleRisk=true&ppcid=050309ddeb4f45ad8c4eb8436c2adba0&originationContext=citingreferences&transitionType=CitingReferencesItem&contextData=%28sc.RelatedInfo%29&VR=3.0&RS=cblt1.0,"2011 WL 8191862, *1",N.C.Super.,"May 16, 2011",Trial Court Order
,"Amended Order Re: Delta Pi Chapter of Lambda Chi Alpha Inc.'s Motion for Summary Judgment, Per Rule 56, North Carolina Rules of Civil Procedure",https://www.westlaw.com/Document/Ib0cb05b8f90a11e1b11ea85d0b248d27/View/FullText.html?navigationPath=%2FRelatedInfo%2Fv1%2FkcCitingReferences%2Fnav%3FdocGuid%3DN5E20D060E15911DC9702ED6752F9EEB6%26midlineIndex%3D90%26warningFlag%3DN%26planIcons%3DNO%26skipOutOfPlan%3Dnull%26sort%3Ddatedesc%26filterGuid%3Dh3ea74a6a6ce50dd6e4cbf8616bdd7eba%26category%3DkcCitingReferences&listSource=RelatedInfo&list=CitingReferences&rank=90&docFamilyGuid=I37bf52e3f99e11e1b11ea85d0b248d27&overruleRisk=true&ppcid=050309ddeb4f45ad8c4eb8436c2adba0&originationContext=citingreferences&transitionType=CitingReferencesItem&contextData=%28sc.RelatedInfo%29&VR=3.0&RS=cblt1.0,"2011 WL 8960399, *1",N.C.Super.,"Jan. 28, 2011",Trial Court Order
,"Amended Order Re: Lambda Chi Alpha, Inc.'s Motion for Summary Judgment, Per Rule 56, North Carolina Rules of Civil Procedure",https://www.westlaw.com/Document/I4d24de32f92a11e18757b822cf994add/View/FullText.html?navigationPath=%2FRelatedInfo%2Fv1%2FkcCitingReferences%2Fnav%3FdocGuid%3DN5E20D060E15911DC9702ED6752F9EEB6%26midlineIndex%3D91%26warningFlag%3DN%26planIcons%3DNO%26skipOutOfPlan%3Dnull%26sort%3Ddatedesc%26filterGuid%3Dh3ea74a6a6ce50dd6e4cbf8616bdd7eba%26category%3DkcCitingReferences&listSource=RelatedInfo&list=CitingReferences&rank=91&docFamilyGuid=I42b99aebf99c11e1b11ea85d0b248d27&overruleRisk=true&ppcid=050309ddeb4f45ad8c4eb8436c2adba0&originationContext=citingreferences&transitionType=CitingReferencesItem&contextData=%28sc.RelatedInfo%29&VR=3.0&RS=cblt1.0,"2011 WL 8960407, *1",N.C.Super.,"Jan. 28, 2011",Trial Court Order
,"Amended Order Re: Elon University's Motion for Summary Judgment, Per Rule 56, North Carolina Rules of Civil Procedure",https://www.westlaw.com/Document/If5f72509f92011e18757b822cf994add/View/FullText.html?navigationPath=%2FRelatedInfo%2Fv1%2FkcCitingReferences%2Fnav%3FdocGuid%3DN5E20D060E15911DC9702ED6752F9EEB6%26midlineIndex%3D92%26warningFlag%3DN%26planIcons%3DNO%26skipOutOfPlan%3Dnull%26sort%3Ddatedesc%26filterGuid%3Dh3ea74a6a6ce50dd6e4cbf8616bdd7eba%26category%3DkcCitingReferences&listSource=RelatedInfo&list=CitingReferences&rank=92&docFamilyGuid=I5930f5d7f9a011e18757b822cf994add&overruleRisk=true&ppcid=050309ddeb4f45ad8c4eb8436c2adba0&originationContext=citingreferences&transitionType=CitingReferencesItem&contextData=%28sc.RelatedInfo%29&VR=3.0&RS=cblt1.0,"2011 WL 8960426, *1",N.C.Super.,"Jan. 28, 2011",Trial Court Order
,Order and Final Judgment,https://www.westlaw.com/Document/I0061242ff2ee11e1b66bbd5332e2d275/View/FullText.html?navigationPath=%2FRelatedInfo%2Fv1%2FkcCitingReferences%2Fnav%3FdocGuid%3DN5E20D060E15911DC9702ED6752F9EEB6%26midlineIndex%3D93%26warningFlag%3DN%26planIcons%3DNO%26skipOutOfPlan%3Dnull%26sort%3Ddatedesc%26filterGuid%3Dh3ea74a6a6ce50dd6e4cbf8616bdd7eba%26category%3DkcCitingReferences&listSource=RelatedInfo&list=CitingReferences&rank=93&docFamilyGuid=I576e4c86f33811e18757b822cf994add&overruleRisk=true&ppcid=050309ddeb4f45ad8c4eb8436c2adba0&originationContext=citingreferences&transitionType=CitingReferencesItem&contextData=%28sc.RelatedInfo%29&VR=3.0&RS=cblt1.0,"2010 WL 8917268, *1",N.C.Super.,"Nov. 30, 2010",Trial Court Order
,Order,https://www.westlaw.com/Document/Ic08f7c90fc0211e3a45cc3b24b3baa77/View/FullText.html?navigationPath=%2FRelatedInfo%2Fv1%2FkcCitingReferences%2Fnav%3FdocGuid%3DN5E20D060E15911DC9702ED6752F9EEB6%26midlineIndex%3D94%26warningFlag%3DN%26planIcons%3DNO%26skipOutOfPlan%3Dnull%26sort%3Ddatedesc%26filterGuid%3Dh3ea74a6a6ce50dd6e4cbf8616bdd7eba%26category%3DkcCitingReferences&listSource=RelatedInfo&list=CitingReferences&rank=94&docFamilyGuid=I95b9f8dbfb8d11e390d4edf60ce7d742&overruleRisk=true&ppcid=050309ddeb4f45ad8c4eb8436c2adba0&originationContext=citingreferences&transitionType=CitingReferencesItem&contextData=%28sc.RelatedInfo%29&VR=3.0&RS=cblt1.0,"2010 WL 10129422, *1+",N.C.Super.,"Nov. 16, 2010",Trial Court Order
,"Order re: Elon University's Motion to Dismiss Per Rule 12(b)(6), North Carolina Rules of Civil Procedure",https://www.westlaw.com/Document/I606a8a3bf98f11e1b60bb297d3d07bc5/View/FullText.html?navigationPath=%2FRelatedInfo%2Fv1%2FkcCitingReferences%2Fnav%3FdocGuid%3DN5E20D060E15911DC9702ED6752F9EEB6%26midlineIndex%3D95%26warningFlag%3DN%26planIcons%3DNO%26skipOutOfPlan%3Dnull%26sort%3Ddatedesc%26filterGuid%3Dh3ea74a6a6ce50dd6e4cbf8616bdd7eba%26category%3DkcCitingReferences&listSource=RelatedInfo&list=CitingReferences&rank=95&docFamilyGuid=Ia6f7cec9f99f11e1b66bbd5332e2d275&overruleRisk=true&ppcid=050309ddeb4f45ad8c4eb8436c2adba0&originationContext=citingreferences&transitionType=CitingReferencesItem&contextData=%28sc.RelatedInfo%29&VR=3.0&RS=cblt1.0,"2010 WL 8932355, *1",N.C.Super.,"May 26, 2010",Trial Court Order
,"Order Re Defendants' Motion to Dismiss Pursuant to Rule 12(b)(1), (6) (Allowed in Part, Denied in Part)",https://www.westlaw.com/Document/I0ab09a10853e11e4a511aaa4c1dcaa33/View/FullText.html?navigationPath=%2FRelatedInfo%2Fv1%2FkcCitingReferences%2Fnav%3FdocGuid%3DN5E20D060E15911DC9702ED6752F9EEB6%26midlineIndex%3D96%26warningFlag%3DN%26planIcons%3DNO%26skipOutOfPlan%3Dnull%26sort%3Ddatedesc%26filterGuid%3Dh3ea74a6a6ce50dd6e4cbf8616bdd7eba%26category%3DkcCitingReferences&listSource=RelatedInfo&list=CitingReferences&rank=96&docFamilyGuid=I153ccc10853e11e4a0978fb3af703581&overruleRisk=true&ppcid=050309ddeb4f45ad8c4eb8436c2adba0&originationContext=citingreferences&transitionType=CitingReferencesItem&contextData=%28sc.RelatedInfo%29&VR=3.0&RS=cblt1.0,"2010 WL 10922666, *1",N.C.Super.,"Mar. 31, 2010",Trial Court Order
,Order on Plaintiffs' Motion for Class Certification and Defendants' Motion to Dismiss,https://www.westlaw.com/Document/I320afde2757811dea82ab9f4ee295c21/View/FullText.html?navigationPath=%2FRelatedInfo%2Fv1%2FkcCitingReferences%2Fnav%3FdocGuid%3DN5E20D060E15911DC9702ED6752F9EEB6%26midlineIndex%3D97%26warningFlag%3DN%26planIcons%3DNO%26skipOutOfPlan%3Dnull%26sort%3Ddatedesc%26filterGuid%3Dh3ea74a6a6ce50dd6e4cbf8616bdd7eba%26category%3DkcCitingReferences&listSource=RelatedInfo&list=CitingReferences&rank=97&docFamilyGuid=I320afde3757811dea82ab9f4ee295c21&overruleRisk=true&ppcid=050309ddeb4f45ad8c4eb8436c2adba0&originationContext=citingreferences&transitionType=CitingReferencesItem&contextData=%28sc.RelatedInfo%29&VR=3.0&RS=cblt1.0,"2009 WL 2142924, *2142924",N.C.Super.,"July 13, 2009",Trial Court Order
,Order on Objection to Designation as a Mandatory Complex Business Case,https://www.westlaw.com/Document/Ib5051ed0457511e5be1ff4cec5913d5d/View/FullText.html?navigationPath=%2FRelatedInfo%2Fv1%2FkcCitingReferences%2Fnav%3FdocGuid%3DN5E20D060E15911DC9702ED6752F9EEB6%26midlineIndex%3D98%26warningFlag%3DN%26planIcons%3DNO%26skipOutOfPlan%3Dnull%26sort%3Ddatedesc%26filterGuid%3Dh3ea74a6a6ce50dd6e4cbf8616bdd7eba%26category%3DkcCitingReferences&listSource=RelatedInfo&list=CitingReferences&rank=98&docFamilyGuid=Ib709a160457511e5998fdfea91afb52b&overruleRisk=true&ppcid=050309ddeb4f45ad8c4eb8436c2adba0&originationContext=citingreferences&transitionType=CitingReferencesItem&contextData=%28sc.RelatedInfo%29&VR=3.0&RS=cblt1.0,"2009 WL 10435976, *1",N.C.Super.,"Feb. 26, 2009",Trial Court Order
,Order on Class Certification,https://www.westlaw.com/Document/I8cee66c07ade11e48c09e471b722858c/View/FullText.html?navigationPath=%2FRelatedInfo%2Fv1%2FkcCitingReferences%2Fnav%3FdocGuid%3DN5E20D060E15911DC9702ED6752F9EEB6%26midlineIndex%3D99%26warningFlag%3DN%26planIcons%3DNO%26skipOutOfPlan%3Dnull%26sort%3Ddatedesc%26filterGuid%3Dh3ea74a6a6ce50dd6e4cbf8616bdd7eba%26category%3DkcCitingReferences&listSource=RelatedInfo&list=CitingReferences&rank=99&docFamilyGuid=If10d9e5b7a6e11e4b4bafa136b480ad2&overruleRisk=true&ppcid=050309ddeb4f45ad8c4eb8436c2adba0&originationContext=citingreferences&transitionType=CitingReferencesItem&contextData=%28sc.RelatedInfo%29&VR=3.0&RS=cblt1.0,"2008 WL 10654841, *1",N.C.Super.,"Aug. 05, 2008",Trial Court Order
,Order,https://www.westlaw.com/Document/I9a33a990c08111e690aea7acddbc05a6/View/FullText.html?navigationPath=%2FRelatedInfo%2Fv1%2FkcCitingReferences%2Fnav%3FdocGuid%3DN5E20D060E15911DC9702ED6752F9EEB6%26midlineIndex%3D100%26warningFlag%3DN%26planIcons%3DNO%26skipOutOfPlan%3Dnull%26sort%3Ddatedesc%26filterGuid%3Dh3ea74a6a6ce50dd6e4cbf8616bdd7eba%26category%3DkcCitingReferences&listSource=RelatedInfo&list=CitingReferences&rank=100&docFamilyGuid=I9ba5d730c08111e68fe4c7c00b8746ca&overruleRisk=true&ppcid=050309ddeb4f45ad8c4eb8436c2adba0&originationContext=citingreferences&transitionType=CitingReferencesItem&contextData=%28sc.RelatedInfo%29&VR=3.0&RS=cblt1.0,"2008 WL 11298887, *1",N.C.Super.,"Mar. 12, 2008",Trial Court Order
,Order on Motions for Summary Judgment,https://www.westlaw.com/Document/I95418af38b9911dca1e6fa81e64372bf/View/FullText.html?navigationPath=%2FRelatedInfo%2Fv1%2FkcCitingReferences%2Fnav%3FdocGuid%3DN5E20D060E15911DC9702ED6752F9EEB6%26midlineIndex%3D101%26warningFlag%3DN%26planIcons%3DNO%26skipOutOfPlan%3Dnull%26sort%3Ddatedesc%26filterGuid%3Dh3ea74a6a6ce50dd6e4cbf8616bdd7eba%26category%3DkcCitingReferences&listSource=RelatedInfo&list=CitingReferences&rank=101&docFamilyGuid=I95418af58b9911dca1e6fa81e64372bf&overruleRisk=true&ppcid=4e26d13c98c9430f910b10dcee693356&originationContext=citingreferences&transitionType=CitingReferencesItem&contextData=%28sc.RelatedInfo%29&VR=3.0&RS=cblt1.0,"2007 WL 3236150, *1",N.C.Super.,"Oct. 16, 2007",Trial Court Order
,"Order on Defendants' Motion for Judgment on the Pleadings, Defendants' Motion to Cancel Notices of Lis Pendens and Plaintiff's Motion to Strike",https://www.westlaw.com/Document/Ieb2a8970d31b11e6960ceb4fdef01e17/View/FullText.html?navigationPath=%2FRelatedInfo%2Fv1%2FkcCitingReferences%2Fnav%3FdocGuid%3DN5E20D060E15911DC9702ED6752F9EEB6%26midlineIndex%3D102%26warningFlag%3DN%26planIcons%3DNO%26skipOutOfPlan%3Dnull%26sort%3Ddatedesc%26filterGuid%3Dh3ea74a6a6ce50dd6e4cbf8616bdd7eba%26category%3DkcCitingReferences&listSource=RelatedInfo&list=CitingReferences&rank=102&docFamilyGuid=Iec02c100d31b11e69f6f850069d0cb37&overruleRisk=true&ppcid=4e26d13c98c9430f910b10dcee693356&originationContext=citingreferences&transitionType=CitingReferencesItem&contextData=%28sc.RelatedInfo%29&VR=3.0&RS=cblt1.0,"2007 WL 9642998, *1",N.C.Super.,"Oct. 12, 2007",Trial Court Order
,Order,https://www.westlaw.com/Document/I5a24a7f0e3e011e6b79af578703ae98c/View/FullText.html?navigationPath=%2FRelatedInfo%2Fv1%2FkcCitingReferences%2Fnav%3FdocGuid%3DN5E20D060E15911DC9702ED6752F9EEB6%26midlineIndex%3D103%26warningFlag%3DN%26planIcons%3DNO%26skipOutOfPlan%3Dnull%26sort%3Ddatedesc%26filterGuid%3Dh3ea74a6a6ce50dd6e4cbf8616bdd7eba%26category%3DkcCitingReferences&listSource=RelatedInfo&list=CitingReferences&rank=103&docFamilyGuid=I5b21cca0e3e011e69b95976f98c7e4d0&overruleRisk=true&ppcid=4e26d13c98c9430f910b10dcee693356&originationContext=citingreferences&transitionType=CitingReferencesItem&contextData=%28sc.RelatedInfo%29&VR=3.0&RS=cblt1.0,"2007 WL 9646243, *1",N.C.Super.,"Sep. 28, 2007",Trial Court Order
,Order,https://www.westlaw.com/Document/I5a477230e3e011e6b79af578703ae98c/View/FullText.html?navigationPath=%2FRelatedInfo%2Fv1%2FkcCitingReferences%2Fnav%3FdocGuid%3DN5E20D060E15911DC9702ED6752F9EEB6%26midlineIndex%3D104%26warningFlag%3DN%26planIcons%3DNO%26skipOutOfPlan%3Dnull%26sort%3Ddatedesc%26filterGuid%3Dh3ea74a6a6ce50dd6e4cbf8616bdd7eba%26category%3DkcCitingReferences&listSource=RelatedInfo&list=CitingReferences&rank=104&docFamilyGuid=I5aea9000e3e011e6862ebfb3a18d7b33&overruleRisk=true&ppcid=4e26d13c98c9430f910b10dcee693356&originationContext=citingreferences&transitionType=CitingReferencesItem&contextData=%28sc.RelatedInfo%29&VR=3.0&RS=cblt1.0,"2007 WL 9646242, *1",N.C.Super.,"Sep. 05, 2007",Trial Court Order
,Order On Plaintiffs' Motion for Summary Judgment and Judgment,https://www.westlaw.com/Document/I1e3521cb3f3411dcbd4c839f532b53c5/View/FullText.html?navigationPath=%2FRelatedInfo%2Fv1%2FkcCitingReferences%2Fnav%3FdocGuid%3DN5E20D060E15911DC9702ED6752F9EEB6%26midlineIndex%3D105%26warningFlag%3DN%26planIcons%3DNO%26skipOutOfPlan%3Dnull%26sort%3Ddatedesc%26filterGuid%3Dh3ea74a6a6ce50dd6e4cbf8616bdd7eba%26category%3DkcCitingReferences&listSource=RelatedInfo&list=CitingReferences&rank=105&docFamilyGuid=I1e3521cd3f3411dcbd4c839f532b53c5&overruleRisk=true&ppcid=4e26d13c98c9430f910b10dcee693356&originationContext=citingreferences&transitionType=CitingReferencesItem&contextData=%28sc.RelatedInfo%29&VR=3.0&RS=cblt1.0,"2007 WL 2173818, *1",N.C.Super.,"July 19, 2007",Trial Court Order
,Order on Cross-Motions for Partial Summary Judgment,https://www.westlaw.com/Document/Ic9cc6c32004f11e2b66bbd5332e2d275/View/FullText.html?navigationPath=%2FRelatedInfo%2Fv1%2FkcCitingReferences%2Fnav%3FdocGuid%3DN5E20D060E15911DC9702ED6752F9EEB6%26midlineIndex%3D106%26warningFlag%3DN%26planIcons%3DNO%26skipOutOfPlan%3Dnull%26sort%3Ddatedesc%26filterGuid%3Dh3ea74a6a6ce50dd6e4cbf8616bdd7eba%26category%3DkcCitingReferences&listSource=RelatedInfo&list=CitingReferences&rank=106&docFamilyGuid=I8b7f29bb017e11e2b66bbd5332e2d275&overruleRisk=true&ppcid=4e26d13c98c9430f910b10dcee693356&originationContext=citingreferences&transitionType=CitingReferencesItem&contextData=%28sc.RelatedInfo%29&VR=3.0&RS=cblt1.0,"2007 WL 7710700, *1",N.C.Super.,"May 23, 2007",Trial Court Order
,Order,https://www.westlaw.com/Document/Ia9677e00dfb711e6ae36ba8bbc8f4702/View/FullText.html?navigationPath=%2FRelatedInfo%2Fv1%2FkcCitingReferences%2Fnav%3FdocGuid%3DN5E20D060E15911DC9702ED6752F9EEB6%26midlineIndex%3D107%26warningFlag%3DN%26planIcons%3DNO%26skipOutOfPlan%3Dnull%26sort%3Ddatedesc%26filterGuid%3Dh3ea74a6a6ce50dd6e4cbf8616bdd7eba%26category%3DkcCitingReferences&listSource=RelatedInfo&list=CitingReferences&rank=107&docFamilyGuid=Iaa5168d0dfb711e69f6f850069d0cb37&overruleRisk=true&ppcid=4e26d13c98c9430f910b10dcee693356&originationContext=citingreferences&transitionType=CitingReferencesItem&contextData=%28sc.RelatedInfo%29&VR=3.0&RS=cblt1.0,"2007 WL 9643387, *1",N.C.Super.,"Mar. 06, 2007",Trial Court Order
,Final Order on Substantive Claims,https://www.westlaw.com/Document/I70f5b029969411df86c1ad798a0ca1c1/View/FullText.html?navigationPath=%2FRelatedInfo%2Fv1%2FkcCitingReferences%2Fnav%3FdocGuid%3DN5E20D060E15911DC9702ED6752F9EEB6%26midlineIndex%3D108%26warningFlag%3DN%26planIcons%3DNO%26skipOutOfPlan%3Dnull%26sort%3Ddatedesc%26filterGuid%3Dh3ea74a6a6ce50dd6e4cbf8616bdd7eba%26category%3DkcCitingReferences&listSource=RelatedInfo&list=CitingReferences&rank=108&docFamilyGuid=I70f5b02c969411df86c1ad798a0ca1c1&overruleRisk=true&ppcid=4e26d13c98c9430f910b10dcee693356&originationContext=citingreferences&transitionType=CitingReferencesItem&contextData=%28sc.RelatedInfo%29&VR=3.0&RS=cblt1.0,"2007 WL 7230172, *7230172",N.C.Super.,"Feb. 23, 2007",Trial Court Order
,Order on Cross-Motions for Summary Judgment and Motion to Strike,https://www.westlaw.com/Document/I37d21241d6cf11dbaf8dafd7ee2b8b26/View/FullText.html?navigationPath=%2FRelatedInfo%2Fv1%2FkcCitingReferences%2Fnav%3FdocGuid%3DN5E20D060E15911DC9702ED6752F9EEB6%26midlineIndex%3D109%26warningFlag%3DN%26planIcons%3DNO%26skipOutOfPlan%3Dnull%26sort%3Ddatedesc%26filterGuid%3Dh3ea74a6a6ce50dd6e4cbf8616bdd7eba%26category%3DkcCitingReferences&listSource=RelatedInfo&list=CitingReferences&rank=109&docFamilyGuid=I37d23921d6cf11dbaf8dafd7ee2b8b26&overruleRisk=true&ppcid=4e26d13c98c9430f910b10dcee693356&originationContext=citingreferences&transitionType=CitingReferencesItem&contextData=%28sc.RelatedInfo%29&VR=3.0&RS=cblt1.0,"2006 WL 4228144, *4228144",N.C.Super.,"Sep. 05, 2006",Trial Court Order
,Order on Cross-Motions for Summary Judgment and Motion to Strike,https://www.westlaw.com/Document/I5af8b17c868e11dfbe8a8e1700ec828b/View/FullText.html?navigationPath=%2FRelatedInfo%2Fv1%2FkcCitingReferences%2Fnav%3FdocGuid%3DN5E20D060E15911DC9702ED6752F9EEB6%26midlineIndex%3D110%26warningFlag%3DN%26planIcons%3DNO%26skipOutOfPlan%3Dnull%26sort%3Ddatedesc%26filterGuid%3Dh3ea74a6a6ce50dd6e4cbf8616bdd7eba%26category%3DkcCitingReferences&listSource=RelatedInfo&list=CitingReferences&rank=110&docFamilyGuid=I5af8b17d868e11dfbe8a8e1700ec828b&overruleRisk=true&ppcid=4e26d13c98c9430f910b10dcee693356&originationContext=citingreferences&transitionType=CitingReferencesItem&contextData=%28sc.RelatedInfo%29&VR=3.0&RS=cblt1.0,"2006 WL 6601178, *6601178",N.C.Super.,"Sep. 05, 2006",Trial Court Order
,Order on Cross-Motions for Summary Judgment and Motion to Strike,https://www.westlaw.com/Document/I70f5b039969411df86c1ad798a0ca1c1/View/FullText.html?navigationPath=%2FRelatedInfo%2Fv1%2FkcCitingReferences%2Fnav%3FdocGuid%3DN5E20D060E15911DC9702ED6752F9EEB6%26midlineIndex%3D111%26warningFlag%3DN%26planIcons%3DNO%26skipOutOfPlan%3Dnull%26sort%3Ddatedesc%26filterGuid%3Dh3ea74a6a6ce50dd6e4cbf8616bdd7eba%26category%3DkcCitingReferences&listSource=RelatedInfo&list=CitingReferences&rank=111&docFamilyGuid=I70f5b03e969411df86c1ad798a0ca1c1&overruleRisk=true&ppcid=4e26d13c98c9430f910b10dcee693356&originationContext=citingreferences&transitionType=CitingReferencesItem&contextData=%28sc.RelatedInfo%29&VR=3.0&RS=cblt1.0,"2006 WL 6608870, *6608870",N.C.Super.,"Sep. 05, 2006",Trial Court Order
,Order,https://www.westlaw.com/Document/I61449342dbb111dbaf8dafd7ee2b8b26/View/FullText.html?navigationPath=%2FRelatedInfo%2Fv1%2FkcCitingReferences%2Fnav%3FdocGuid%3DN5E20D060E15911DC9702ED6752F9EEB6%26midlineIndex%3D112%26warningFlag%3DN%26planIcons%3DNO%26skipOutOfPlan%3Dnull%26sort%3Ddatedesc%26filterGuid%3Dh3ea74a6a6ce50dd6e4cbf8616bdd7eba%26category%3DkcCitingReferences&listSource=RelatedInfo&list=CitingReferences&rank=112&docFamilyGuid=I61449344dbb111dbaf8dafd7ee2b8b26&overruleRisk=true&ppcid=4e26d13c98c9430f910b10dcee693356&originationContext=citingreferences&transitionType=CitingReferencesItem&contextData=%28sc.RelatedInfo%29&VR=3.0&RS=cblt1.0,"2006 WL 4386429, *1+",N.C.Super.,"May 25, 2006",Trial Court Order
,Order,https://www.westlaw.com/Document/I61449322dbb111dbaf8dafd7ee2b8b26/View/FullText.html?navigationPath=%2FRelatedInfo%2Fv1%2FkcCitingReferences%2Fnav%3FdocGuid%3DN5E20D060E15911DC9702ED6752F9EEB6%26midlineIndex%3D113%26warningFlag%3DN%26planIcons%3DNO%26skipOutOfPlan%3Dnull%26sort%3Ddatedesc%26filterGuid%3Dh3ea74a6a6ce50dd6e4cbf8616bdd7eba%26category%3DkcCitingReferences&listSource=RelatedInfo&list=CitingReferences&rank=113&docFamilyGuid=I61449324dbb111dbaf8dafd7ee2b8b26&overruleRisk=true&ppcid=4e26d13c98c9430f910b10dcee693356&originationContext=citingreferences&transitionType=CitingReferencesItem&contextData=%28sc.RelatedInfo%29&VR=3.0&RS=cblt1.0,"2005 WL 5302084, *1+",N.C.Super.,"Sep. 20, 2005",Trial Court Order
,Order,https://www.westlaw.com/Document/I4b18fda8c0ee11db959295a0e830c1ed/View/FullText.html?navigationPath=%2FRelatedInfo%2Fv1%2FkcCitingReferences%2Fnav%3FdocGuid%3DN5E20D060E15911DC9702ED6752F9EEB6%26midlineIndex%3D114%26warningFlag%3DN%26planIcons%3DNO%26skipOutOfPlan%3Dnull%26sort%3Ddatedesc%26filterGuid%3Dh3ea74a6a6ce50dd6e4cbf8616bdd7eba%26category%3DkcCitingReferences&listSource=RelatedInfo&list=CitingReferences&rank=114&docFamilyGuid=I4b18fdaac0ee11db959295a0e830c1ed&overruleRisk=true&ppcid=4e26d13c98c9430f910b10dcee693356&originationContext=citingreferences&transitionType=CitingReferencesItem&contextData=%28sc.RelatedInfo%29&VR=3.0&RS=cblt1.0,"2005 WL 5191291, *5191291",N.C.Super.,"May 05, 2005",Trial Court Order
,Order,https://www.westlaw.com/Document/I26e20d30223411e484b1d5ce55b216ae/View/FullText.html?navigationPath=%2FRelatedInfo%2Fv1%2FkcCitingReferences%2Fnav%3FdocGuid%3DN5E20D060E15911DC9702ED6752F9EEB6%26midlineIndex%3D115%26warningFlag%3DN%26planIcons%3DNO%26skipOutOfPlan%3Dnull%26sort%3Ddatedesc%26filterGuid%3Dh3ea74a6a6ce50dd6e4cbf8616bdd7eba%26category%3DkcCitingReferences&listSource=RelatedInfo&list=CitingReferences&rank=115&docFamilyGuid=I22d3a9e521d311e49488c8f438320c70&overruleRisk=true&ppcid=4e26d13c98c9430f910b10dcee693356&originationContext=citingreferences&transitionType=CitingReferencesItem&contextData=%28sc.RelatedInfo%29&VR=3.0&RS=cblt1.0,"2005 WL 7853495, *1+",N.C.Super.,"May 03, 2005",Trial Court Order
,Order Denying Class Certification,https://www.westlaw.com/Document/Iaa9cb6af1afd11e0852cd4369a8093f1/View/FullText.html?navigationPath=%2FRelatedInfo%2Fv1%2FkcCitingReferences%2Fnav%3FdocGuid%3DN5E20D060E15911DC9702ED6752F9EEB6%26midlineIndex%3D116%26warningFlag%3DN%26planIcons%3DNO%26skipOutOfPlan%3Dnull%26sort%3Ddatedesc%26filterGuid%3Dh3ea74a6a6ce50dd6e4cbf8616bdd7eba%26category%3DkcCitingReferences&listSource=RelatedInfo&list=CitingReferences&rank=116&docFamilyGuid=Iaa9cb6b01afd11e0852cd4369a8093f1&overruleRisk=true&ppcid=4e26d13c98c9430f910b10dcee693356&originationContext=citingreferences&transitionType=CitingReferencesItem&contextData=%28sc.RelatedInfo%29&VR=3.0&RS=cblt1.0,"2005 WL 6573350, *6573350",N.C.Super.,"Apr. 02, 2005",Trial Court Order
,"Order Cost, GW; Atty, DN",https://www.westlaw.com/Document/I29742f00ad5f11dba10be1078cee05f1/View/FullText.html?navigationPath=%2FRelatedInfo%2Fv1%2FkcCitingReferences%2Fnav%3FdocGuid%3DN5E20D060E15911DC9702ED6752F9EEB6%26midlineIndex%3D117%26warningFlag%3DN%26planIcons%3DNO%26skipOutOfPlan%3Dnull%26sort%3Ddatedesc%26filterGuid%3Dh3ea74a6a6ce50dd6e4cbf8616bdd7eba%26category%3DkcCitingReferences&listSource=RelatedInfo&list=CitingReferences&rank=117&docFamilyGuid=I29742f03ad5f11dba10be1078cee05f1&overruleRisk=true&ppcid=4e26d13c98c9430f910b10dcee693356&originationContext=citingreferences&transitionType=CitingReferencesItem&contextData=%28sc.RelatedInfo%29&VR=3.0&RS=cblt1.0,"2004 WL 5189850, *1",N.C.Super.,"Nov. 17, 2004",Trial Court Order
,Order,https://www.westlaw.com/Document/If0505d0707f611dcb92c924f6a2d2928/View/FullText.html?navigationPath=%2FRelatedInfo%2Fv1%2FkcCitingReferences%2Fnav%3FdocGuid%3DN5E20D060E15911DC9702ED6752F9EEB6%26midlineIndex%3D118%26warningFlag%3DN%26planIcons%3DNO%26skipOutOfPlan%3Dnull%26sort%3Ddatedesc%26filterGuid%3Dh3ea74a6a6ce50dd6e4cbf8616bdd7eba%26category%3DkcCitingReferences&listSource=RelatedInfo&list=CitingReferences&rank=118&docFamilyGuid=If0505d0907f611dcb92c924f6a2d2928&overruleRisk=true&ppcid=4e26d13c98c9430f910b10dcee693356&originationContext=citingreferences&transitionType=CitingReferencesItem&contextData=%28sc.RelatedInfo%29&VR=3.0&RS=cblt1.0,"2004 WL 5315181, *5315181",N.C.Super.,"Mar. 30, 2004",Trial Court Order
,Order,https://www.westlaw.com/Document/If04fe7cd07f611dcb92c924f6a2d2928/View/FullText.html?navigationPath=%2FRelatedInfo%2Fv1%2FkcCitingReferences%2Fnav%3FdocGuid%3DN5E20D060E15911DC9702ED6752F9EEB6%26midlineIndex%3D119%26warningFlag%3DN%26planIcons%3DNO%26skipOutOfPlan%3Dnull%26sort%3Ddatedesc%26filterGuid%3Dh3ea74a6a6ce50dd6e4cbf8616bdd7eba%26category%3DkcCitingReferences&listSource=RelatedInfo&list=CitingReferences&rank=119&docFamilyGuid=If04fe7cf07f611dcb92c924f6a2d2928&overruleRisk=true&ppcid=4e26d13c98c9430f910b10dcee693356&originationContext=citingreferences&transitionType=CitingReferencesItem&contextData=%28sc.RelatedInfo%29&VR=3.0&RS=cblt1.0,"2004 WL 5315180, *5315180",N.C.Super.,"Mar. 09, 2004",Trial Court Order
,Order,https://www.westlaw.com/Document/If050f94807f611dcb92c924f6a2d2928/View/FullText.html?navigationPath=%2FRelatedInfo%2Fv1%2FkcCitingReferences%2Fnav%3FdocGuid%3DN5E20D060E15911DC9702ED6752F9EEB6%26midlineIndex%3D120%26warningFlag%3DN%26planIcons%3DNO%26skipOutOfPlan%3Dnull%26sort%3Ddatedesc%26filterGuid%3Dh3ea74a6a6ce50dd6e4cbf8616bdd7eba%26category%3DkcCitingReferences&listSource=RelatedInfo&list=CitingReferences&rank=120&docFamilyGuid=If050f94a07f611dcb92c924f6a2d2928&overruleRisk=true&ppcid=4e26d13c98c9430f910b10dcee693356&originationContext=citingreferences&transitionType=CitingReferencesItem&contextData=%28sc.RelatedInfo%29&VR=3.0&RS=cblt1.0,"2004 WL 5315182, *5315182",N.C.Super.,"Jan. 20, 2004",Trial Court Order
,Order,https://www.westlaw.com/Document/I882b63a7e44a11dc9876f446780b7bdc/View/FullText.html?navigationPath=%2FRelatedInfo%2Fv1%2FkcCitingReferences%2Fnav%3FdocGuid%3DN5E20D060E15911DC9702ED6752F9EEB6%26midlineIndex%3D121%26warningFlag%3DN%26planIcons%3DNO%26skipOutOfPlan%3Dnull%26sort%3Ddatedesc%26filterGuid%3Dh3ea74a6a6ce50dd6e4cbf8616bdd7eba%26category%3DkcCitingReferences&listSource=RelatedInfo&list=CitingReferences&rank=121&docFamilyGuid=I882b63a8e44a11dc9876f446780b7bdc&overruleRisk=true&ppcid=4e26d13c98c9430f910b10dcee693356&originationContext=citingreferences&transitionType=CitingReferencesItem&contextData=%28sc.RelatedInfo%29&VR=3.0&RS=cblt1.0,"2003 WL 25708770, *25708770",N.C.Super.,"Dec. 11, 2003",Trial Court Order
,Order on Motion to Compel Arbitration,https://www.westlaw.com/Document/I8bd5e4f2addd11dbab489133ffb377e0/View/FullText.html?navigationPath=%2FRelatedInfo%2Fv1%2FkcCitingReferences%2Fnav%3FdocGuid%3DN5E20D060E15911DC9702ED6752F9EEB6%26midlineIndex%3D122%26warningFlag%3DN%26planIcons%3DNO%26skipOutOfPlan%3Dnull%26sort%3Ddatedesc%26filterGuid%3Dh3ea74a6a6ce50dd6e4cbf8616bdd7eba%26category%3DkcCitingReferences&listSource=RelatedInfo&list=CitingReferences&rank=122&docFamilyGuid=I8bd5e4f4addd11dbab489133ffb377e0&overruleRisk=true&ppcid=4e26d13c98c9430f910b10dcee693356&originationContext=citingreferences&transitionType=CitingReferencesItem&contextData=%28sc.RelatedInfo%29&VR=3.0&RS=cblt1.0,"2002 WL 34119415, *34119415",N.C.Super.,"Oct. 08, 2002",Trial Court Order
,Preliminary Injunction,https://www.westlaw.com/Document/I427efaf7bffe11dea82ab9f4ee295c21/View/FullText.html?navigationPath=%2FRelatedInfo%2Fv1%2FkcCitingReferences%2Fnav%3FdocGuid%3DN5E20D060E15911DC9702ED6752F9EEB6%26midlineIndex%3D123%26warningFlag%3DN%26planIcons%3DNO%26skipOutOfPlan%3Dnull%26sort%3Ddatedesc%26filterGuid%3Dh3ea74a6a6ce50dd6e4cbf8616bdd7eba%26category%3DkcCitingReferences&listSource=RelatedInfo&list=CitingReferences&rank=123&docFamilyGuid=I427efaf8bffe11dea82ab9f4ee295c21&overruleRisk=true&ppcid=4e26d13c98c9430f910b10dcee693356&originationContext=citingreferences&transitionType=CitingReferencesItem&contextData=%28sc.RelatedInfo%29&VR=3.0&RS=cblt1.0,"2002 WL 34511167, *34511167",N.C.Super.,"Sep. 05, 2002",Trial Court Order
,Order,https://www.westlaw.com/Document/I7c870386b25c11dbab489133ffb377e0/View/FullText.html?navigationPath=%2FRelatedInfo%2Fv1%2FkcCitingReferences%2Fnav%3FdocGuid%3DN5E20D060E15911DC9702ED6752F9EEB6%26midlineIndex%3D124%26warningFlag%3DN%26planIcons%3DNO%26skipOutOfPlan%3Dnull%26sort%3Ddatedesc%26filterGuid%3Dh3ea74a6a6ce50dd6e4cbf8616bdd7eba%26category%3DkcCitingReferences&listSource=RelatedInfo&list=CitingReferences&rank=124&docFamilyGuid=I7c870389b25c11dbab489133ffb377e0&overruleRisk=true&ppcid=4e26d13c98c9430f910b10dcee693356&originationContext=citingreferences&transitionType=CitingReferencesItem&contextData=%28sc.RelatedInfo%29&VR=3.0&RS=cblt1.0,"2000 WL 35514052, *35514052",N.C.Super.,"Feb. 23, 2000",Trial Court Order
